Date,Y,Open,High,Low,Vol.,Change %
2015-01-01,313.9,317.5,317.5,312.9,0.93K,-0.99%
2015-01-02,315.1,313.6,316.0,313.0,1.32K,0.40%
2015-01-05,273.2,261.0,276.5,260.5,2.68K,5.57%
2015-01-06,285.4,273.2,287.8,268.5,6.86K,4.46%
2015-01-07,297.0,286.1,303.8,285.0,1.53K,4.07%
2015-01-08,285.6,296.2,296.2,285.6,1.31K,-3.82%
2015-01-09,292.8,285.4,295.6,283.0,1.26K,2.52%
2015-01-12,267.6,267.2,281.0,265.5,2.56K,0.54%
2015-01-13,229.8,267.3,267.6,222.5,13.52K,-14.12%
2015-01-14,183.2,230.3,230.5,164.9,9.67K,-20.31%
2015-01-15,217.7,181.1,234.5,176.5,3.30K,18.87%
2015-01-16,206.7,216.0,225.0,200.0,1.56K,-5.07%
2015-01-19,213.2,211.2,216.2,208.8,1.19K,1.60%
2015-01-20,,,,,,
2015-01-21,,,,,,
2015-01-22,226.3,245.5,257.7,216.6,0.00K,0.36%
2015-01-23,,,,,,
2015-01-26,274.5,262.8,322.7,241.4,5.18K,7.84%
2015-01-27,263.6,274.7,278.5,244.0,1.63K,-3.95%
2015-01-28,236.1,264.0,266.0,228.5,5.34K,-10.45%
2015-01-29,235.0,235.9,242.0,221.1,6.64K,-0.45%
2015-01-30,229.1,235.0,244.6,227.9,5.77K,-2.54%
2015-02-02,237.8,228.4,240.1,220.9,7.45K,3.86%
2015-02-03,228.6,237.0,243.9,225.3,8.32K,-3.89%
2015-02-04,227.1,228.8,231.0,221.5,9.15K,-0.64%
2015-02-05,216.8,227.1,228.9,215.0,7.41K,-4.56%
2015-02-06,223.2,216.8,226.6,216.0,5.69K,2.97%
2015-02-09,221.1,224.0,225.0,216.4,6.55K,-1.29%
2015-02-10,220.9,221.1,222.0,215.0,5.40K,-0.10%
2015-02-11,219.8,221.4,223.3,218.1,19.23K,-0.49%
2015-02-12,222.4,220.0,223.2,217.8,20.02K,1.17%
2015-02-13,236.1,222.6,242.5,221.5,68.09K,6.16%
2015-02-16,233.6,235.9,243.3,229.0,47.11K,-0.97%
2015-02-17,244.0,233.5,246.3,231.5,41.39K,4.45%
2015-02-18,236.3,244.0,245.0,231.7,39.24K,-3.16%
2015-02-19,240.2,236.3,243.4,235.0,23.47K,1.65%
2015-02-20,244.5,240.0,248.3,238.9,31.65K,1.79%
2015-02-23,239.4,236.5,241.0,232.6,23.92K,1.23%
2015-02-24,239.7,239.4,241.0,236.7,16.66K,0.14%
2015-02-25,238.0,239.7,240.8,235.6,13.56K,-0.73%
2015-02-26,236.9,238.0,238.3,233.8,18.69K,-0.45%
2015-02-27,255.0,236.9,262.6,236.6,69.50K,7.61%
2015-03-02,277.3,262.4,279.6,259.2,66.41K,5.68%
2015-03-03,283.8,277.3,290.3,268.0,82.29K,2.33%
2015-03-04,273.3,283.8,286.0,267.4,71.03K,-3.67%
2015-03-05,277.7,273.3,284.5,262.9,66.63K,1.60%
2015-03-06,273.2,277.7,277.9,269.7,40.56K,-1.62%
2015-03-09,291.0,275.6,295.0,279.0,62.86K,5.60%
2015-03-10,292.7,291.0,303.8,290.0,67.18K,0.57%
2015-03-11,296.7,292.6,298.7,291.1,26.09K,1.37%
2015-03-12,295.6,296.7,298.8,292.4,27.18K,-0.38%
2015-03-13,283.3,295.5,295.9,282.1,43.54K,-4.15%
2015-03-16,291.2,286.9,295.1,289.3,22.32K,1.51%
2015-03-17,285.3,291.2,292.8,283.0,22.13K,-2.05%
2015-03-18,257.3,285.1,285.2,249.0,89.46K,-9.80%
2015-03-19,261.9,257.3,267.9,248.1,78.90K,1.77%
2015-03-20,262.2,262.0,267.0,259.4,16.27K,0.13%
2015-03-23,267.2,268.8,271.5,262.0,23.56K,-0.59%
2015-03-24,246.0,267.2,268.4,241.5,62.94K,-7.94%
2015-03-25,245.9,246.0,250.0,235.7,54.42K,-0.03%
2015-03-26,249.2,246.3,255.0,246.3,33.27K,1.33%
2015-03-27,246.5,249.2,250.4,245.3,22.46K,-1.08%
2015-03-30,247.9,242.7,248.7,246.9,30.64K,2.26%
2015-03-31,244.3,247.9,248.8,242.0,22.44K,-1.45%
2015-04-01,246.9,244.5,248.5,239.5,23.54K,1.06%
2015-04-02,253.2,246.9,254.9,244.6,26.22K,2.55%
2015-04-03,254.2,253.2,256.4,250.7,28.36K,0.39%
2015-04-06,255.6,260.5,262.4,253.7,20.82K,-1.88%
2015-04-07,253.7,255.6,257.9,253.0,10.53K,-0.74%
2015-04-08,244.9,253.7,255.0,243.1,39.68K,-3.46%
2015-04-09,243.6,244.9,246.8,236.5,22.75K,-0.55%
2015-04-10,236.1,243.6,243.7,230.8,37.33K,-3.06%
2015-04-13,225.0,236.4,237.7,220.3,47.16K,-4.81%
2015-04-14,220.2,225.0,225.8,216.4,40.75K,-2.14%
2015-04-15,224.0,220.2,224.0,219.0,23.60K,1.72%
2015-04-16,228.5,224.0,230.0,223.0,29.32K,2.00%
2015-04-17,222.4,228.5,229.0,219.6,27.14K,-2.66%
2015-04-20,224.2,222.2,227.0,221.5,19.97K,0.90%
2015-04-21,235.8,224.2,236.2,224.2,30.99K,5.17%
2015-04-22,234.1,237.0,239.0,232.4,22.86K,-0.70%
2015-04-23,236.0,234.1,237.0,233.0,8.81K,0.80%
2015-04-24,231.4,236.0,236.2,228.7,22.53K,-1.96%
2015-04-27,227.7,219.7,232.0,218.2,35.14K,3.63%
2015-04-28,225.3,227.1,228.1,222.2,17.29K,-1.05%
2015-04-29,225.2,225.3,227.8,222.7,12.20K,-0.03%
2015-04-30,236.1,225.2,240.2,224.6,41.29K,4.83%
2015-05-01,231.8,236.1,239.2,231.3,16.62K,-1.83%
2015-05-04,238.5,240.6,243.6,237.0,24.76K,-0.90%
2015-05-05,235.9,238.5,239.4,231.1,26.12K,-1.12%
2015-05-06,229.3,235.9,236.8,227.3,47.41K,-2.80%
2015-05-07,237.3,229.3,239.8,227.8,27.41K,3.50%
2015-05-08,244.5,237.3,248.5,236.2,31.13K,3.04%
2015-05-11,242.5,240.7,245.5,238.5,16.05K,0.79%
2015-05-12,241.8,242.5,244.4,240.9,13.11K,-0.28%
2015-05-13,235.8,241.9,245.0,234.3,28.22K,-2.47%
2015-05-14,236.7,235.7,238.2,232.1,19.41K,0.37%
2015-05-15,237.3,236.7,238.9,233.9,9.55K,0.26%
2015-05-18,232.8,236.1,237.3,229.0,14.19K,-1.44%
2015-05-19,231.7,232.8,235.7,231.2,5.97K,-0.48%
2015-05-20,234.2,231.7,235.2,231.6,11.45K,1.10%
2015-05-21,235.3,234.2,236.5,233.9,10.51K,0.44%
2015-05-22,241.0,235.3,241.8,234.6,22.83K,2.42%
2015-05-25,237.1,241.0,241.1,236.1,8.68K,-1.60%
2015-05-26,237.4,237.1,238.5,235.3,8.82K,0.11%
2015-05-27,236.9,237.4,239.3,235.6,9.11K,-0.21%
2015-05-28,236.9,236.9,237.5,235.9,5.85K,0.00%
2015-05-29,236.5,236.9,237.2,235.0,6.85K,-0.14%
2015-06-01,222.0,228.7,230.9,219.8,31.97K,-2.93%
2015-06-02,224.7,222.0,226.0,221.0,16.50K,1.21%
2015-06-03,225.1,224.7,227.0,222.3,17.15K,0.19%
2015-06-04,223.2,225.1,225.8,222.6,11.04K,-0.83%
2015-06-05,224.5,223.2,229.2,222.7,17.66K,0.57%
2015-06-08,228.8,223.3,230.6,223.3,28.89K,2.46%
2015-06-09,229.1,228.8,232.0,227.8,16.32K,0.13%
2015-06-10,228.6,229.1,229.9,227.5,10.79K,-0.20%
2015-06-11,229.8,228.6,230.7,228.6,9.41K,0.53%
2015-06-12,229.4,230.0,231.3,229.1,9.92K,-0.17%
2015-06-15,237.0,233.5,238.2,233.4,19.15K,1.47%
2015-06-16,252.1,237.0,253.9,236.0,50.14K,6.37%
2015-06-17,248.9,252.1,259.1,246.1,47.81K,-1.24%
2015-06-18,249.5,248.9,253.7,243.0,27.90K,0.22%
2015-06-19,244.6,249.5,252.1,243.7,23.64K,-1.98%
2015-06-22,246.7,244.3,248.0,243.5,18.48K,0.99%
2015-06-23,244.3,246.7,247.4,242.3,11.61K,-0.98%
2015-06-24,239.8,244.3,244.3,239.5,15.32K,-1.82%
2015-06-25,242.1,239.8,243.0,239.5,9.22K,0.94%
2015-06-26,243.3,242.1,243.9,240.6,10.14K,0.51%
2015-06-29,256.7,248.7,257.7,248.6,34.74K,3.20%
2015-06-30,262.9,256.7,268.9,254.7,47.01K,2.42%
2015-07-01,258.1,262.9,264.8,253.5,21.83K,-1.82%
2015-07-02,254.5,258.1,262.6,253.0,17.29K,-1.39%
2015-07-03,256.0,254.5,256.9,252.1,11.55K,0.60%
2015-07-06,274.8,270.1,276.5,268.1,61.92K,3.63%
2015-07-07,265.5,268.8,268.9,263.3,45.25K,-3.39%
2015-07-08,270.8,269.5,271.4,267.4,27.02K,2.00%
2015-07-09,269.2,270.0,272.8,268.0,24.11K,-0.59%
2015-07-10,286.7,269.2,292.7,268.6,68.25K,6.49%
2015-07-13,292.6,311.1,312.0,284.5,74.07K,-5.94%
2015-07-14,286.9,292.6,297.1,286.1,23.27K,-1.98%
2015-07-15,285.4,286.9,294.4,283.5,21.92K,-0.50%
2015-07-16,278.9,285.4,294.3,275.2,53.00K,-2.28%
2015-07-17,279.9,278.9,281.5,272.1,25.52K,0.33%
2015-07-20,280.3,275.0,280.5,273.5,11.82K,1.92%
2015-07-21,275.8,280.2,282.1,275.3,13.40K,-1.62%
2015-07-22,278.0,275.8,278.4,274.5,11.13K,0.80%
2015-07-23,276.5,278.0,278.4,275.6,5.44K,-0.53%
2015-07-24,288.6,276.5,289.9,276.0,24.08K,4.37%
2015-07-27,294.8,293.0,298.7,286.0,25.41K,0.62%
2015-07-28,295.2,294.8,298.9,293.6,14.44K,0.13%
2015-07-29,289.9,295.2,295.4,286.6,15.75K,-1.80%
2015-07-30,288.2,289.9,291.0,285.0,12.16K,-0.59%
2015-07-31,284.5,288.2,289.9,282.0,14.63K,-1.30%
2015-08-03,281.3,282.4,287.0,279.7,14.67K,-0.43%
2015-08-04,285.5,281.3,285.9,281.3,12.06K,1.49%
2015-08-05,282.6,285.5,285.9,281.6,7.69K,-1.00%
2015-08-06,279.1,282.6,282.6,278.1,10.15K,-1.25%
2015-08-07,280.1,279.1,281.0,276.1,12.44K,0.37%
2015-08-10,265.1,265.6,267.7,262.2,10.70K,-0.18%
2015-08-11,272.0,265.1,272.0,264.8,12.67K,2.59%
2015-08-12,267.1,272.0,273.8,265.8,16.28K,-1.79%
2015-08-13,264.5,267.1,268.0,263.3,12.91K,-0.98%
2015-08-14,266.1,264.5,268.9,262.1,13.43K,0.61%
2015-08-17,258.5,259.9,262.0,257.5,9.90K,-0.54%
2015-08-18,183.0,258.5,258.5,171.0,72.15K,-29.20%
2015-08-19,226.2,194.0,239.4,194.0,93.88K,23.62%
2015-08-20,235.5,226.3,237.8,226.3,26.46K,4.11%
2015-08-21,232.2,235.5,236.4,230.5,13.00K,-1.43%
2015-08-24,210.5,228.1,228.6,208.5,53.50K,-7.89%
2015-08-25,222.7,210.5,227.9,198.0,69.53K,5.78%
2015-08-26,226.2,222.7,232.2,220.1,23.85K,1.59%
2015-08-27,225.8,226.1,229.2,224.0,11.63K,-0.18%
2015-08-28,231.8,225.8,237.3,220.1,27.31K,2.67%
2015-08-31,231.4,230.0,233.7,225.3,11.02K,0.59%
2015-09-01,228.2,231.4,232.3,226.6,9.83K,-1.34%
2015-09-02,229.7,228.2,231.8,226.5,9.01K,0.64%
2015-09-03,227.3,229.7,229.9,226.2,6.91K,-1.07%
2015-09-04,230.9,227.3,231.6,227.1,10.81K,1.60%
2015-09-07,240.9,241.0,243.0,239.0,6.95K,-0.05%
2015-09-08,244.2,240.9,247.7,240.3,16.34K,1.39%
2015-09-09,238.9,244.2,245.6,238.5,14.37K,-2.15%
2015-09-10,239.5,238.9,241.9,237.0,10.81K,0.23%
2015-09-11,240.6,239.5,242.9,239.4,7.12K,0.46%
2015-09-14,230.9,231.0,233.8,228.4,9.71K,-0.03%
2015-09-15,230.9,230.9,232.9,229.5,6.85K,0.00%
2015-09-16,229.0,230.9,232.1,227.4,8.81K,-0.84%
2015-09-17,233.6,229.0,235.7,229.0,11.26K,2.02%
2015-09-18,233.8,233.6,236.2,232.5,8.68K,0.07%
2015-09-21,227.2,232.1,233.0,226.4,9.26K,-2.11%
2015-09-22,231.3,227.2,233.3,224.5,18.74K,1.78%
2015-09-23,230.5,231.1,233.0,230.0,5.70K,-0.32%
2015-09-24,234.6,230.5,236.3,230.5,15.50K,1.78%
2015-09-25,235.3,234.6,237.6,233.1,9.87K,0.26%
2015-09-28,240.4,233.4,241.4,233.4,12.49K,3.03%
2015-09-29,236.8,240.4,241.5,236.6,9.41K,-1.51%
2015-09-30,236.5,236.8,238.8,235.1,5.21K,-0.13%
2015-10-01,238.5,236.5,240.1,236.2,6.11K,0.84%
2015-10-02,237.9,238.5,240.0,237.3,5.61K,-0.26%
2015-10-05,242.0,239.5,242.7,237.2,12.26K,1.05%
2015-10-06,247.4,242.0,249.0,241.5,16.29K,2.21%
2015-10-07,244.2,247.4,247.9,243.5,8.75K,-1.28%
2015-10-08,243.0,244.0,245.6,242.6,5.98K,-0.50%
2015-10-09,244.8,243.0,245.4,242.6,3.64K,0.76%
2015-10-12,246.1,248.0,248.4,245.4,5.15K,-0.74%
2015-10-13,251.3,246.2,253.4,244.1,16.63K,2.10%
2015-10-14,253.5,251.3,255.9,250.1,10.29K,0.91%
2015-10-15,255.2,253.5,257.5,253.4,10.47K,0.65%
2015-10-16,263.5,255.2,267.8,254.9,21.91K,3.24%
2015-10-19,265.0,265.0,268.3,262.4,10.98K,0.00%
2015-10-20,271.0,265.1,273.9,264.5,14.40K,2.23%
2015-10-21,267.8,271.0,272.3,264.1,10.60K,-1.17%
2015-10-22,275.8,267.8,280.0,267.3,27.29K,3.00%
2015-10-23,279.2,275.8,280.9,275.1,15.81K,1.23%
2015-10-26,287.2,284.7,287.9,282.3,17.19K,0.85%
2015-10-27,295.2,287.2,298.7,287.1,26.75K,2.77%
2015-10-28,304.5,295.3,308.0,295.3,35.57K,3.16%
2015-10-29,314.9,304.5,321.1,301.5,51.16K,3.41%
2015-10-30,328.2,314.9,336.0,313.8,62.92K,4.23%
2015-11-02,365.0,330.2,372.5,326.8,70.99K,10.38%
2015-11-03,405.3,365.3,423.9,361.9,171.37K,11.04%
2015-11-04,409.2,405.0,503.4,366.7,274.85K,0.97%
2015-11-05,388.0,409.2,449.1,371.0,157.82K,-5.20%
2015-11-06,375.6,387.9,396.7,351.5,106.74K,-3.20%
2015-11-09,381.0,374.1,388.8,360.9,38.12K,1.87%
2015-11-10,340.2,381.1,383.4,327.0,89.42K,-10.71%
2015-11-11,314.0,340.2,343.6,300.8,116.71K,-7.70%
2015-11-12,336.6,314.3,346.2,314.1,57.48K,7.19%
2015-11-13,338.5,337.6,343.6,326.2,30.12K,0.59%
2015-11-16,332.1,320.5,335.0,315.2,25.78K,3.45%
2015-11-17,336.3,332.1,342.5,331.0,27.34K,1.25%
2015-11-18,336.0,336.3,338.8,328.1,15.61K,-0.10%
2015-11-19,326.5,335.9,336.4,324.5,18.95K,-2.81%
2015-11-20,322.2,326.5,326.8,309.5,30.09K,-1.32%
2015-11-23,323.6,324.7,327.0,320.9,7.81K,-0.32%
2015-11-24,320.1,323.6,323.8,315.8,9.62K,-1.09%
2015-11-25,329.9,320.1,331.0,316.0,20.61K,3.05%
2015-11-26,354.0,329.9,369.1,329.4,80.51K,7.32%
2015-11-27,358.9,354.0,366.7,348.2,35.90K,1.39%
2015-11-30,376.9,373.9,384.5,370.0,47.64K,0.96%
2015-12-01,362.7,376.9,380.0,353.2,44.10K,-3.77%
2015-12-02,359.1,362.7,363.1,346.2,31.55K,-0.98%
2015-12-03,360.7,359.1,371.1,352.9,27.46K,0.44%
2015-12-04,363.2,360.5,364.4,354.3,14.64K,0.68%
2015-12-07,396.7,390.6,403.8,384.9,35.18K,1.56%
2015-12-08,420.8,396.7,421.4,388.4,30.42K,6.07%
2015-12-09,418.7,422.0,426.0,406.5,53.65K,-0.49%
2015-12-10,414.9,418.7,421.0,411.2,21.39K,-0.91%
2015-12-11,456.3,414.9,457.0,414.8,72.67K,9.96%
2015-12-14,442.6,432.5,448.1,427.6,27.33K,2.21%
2015-12-15,466.5,442.6,467.0,442.5,41.00K,5.40%
2015-12-16,455.0,466.0,467.0,440.0,67.34K,-2.48%
2015-12-17,455.8,455.0,458.5,446.3,17.77K,0.20%
2015-12-18,463.5,455.6,466.6,452.0,27.21K,1.68%
2015-12-21,437.9,442.6,445.9,424.9,43.21K,-1.06%
2015-12-22,435.6,437.5,443.6,433.5,18.50K,-0.52%
2015-12-23,442.6,435.6,445.8,434.6,16.26K,1.60%
2015-12-24,456.1,442.6,459.0,442.5,20.08K,3.05%
2015-12-25,455.5,456.1,460.0,445.9,15.14K,-0.14%
2015-12-28,420.2,422.3,429.0,417.0,24.27K,-0.50%
2015-12-29,431.9,420.1,432.2,418.0,22.02K,2.76%
2015-12-30,424.7,431.8,434.0,420.0,22.10K,-1.66%
2015-12-31,429.0,424.7,432.6,412.5,21.49K,1.02%
2016-01-01,434.0,429.0,436.5,426.3,12.97K,1.16%
2016-01-04,432.9,428.6,435.7,427.0,13.02K,0.99%
2016-01-05,431.8,432.9,434.9,428.2,11.22K,-0.24%
2016-01-06,428.0,431.8,432.2,425.0,8.74K,-0.89%
2016-01-07,459.0,428.9,461.9,427.1,55.66K,7.26%
2016-01-08,454.0,458.8,465.0,446.8,30.45K,-1.10%
2016-01-11,449.3,449.4,452.5,443.6,14.81K,-0.02%
2016-01-12,432.0,449.3,449.6,429.3,20.66K,-3.83%
2016-01-13,431.1,432.0,436.4,416.4,33.24K,-0.22%
2016-01-14,429.3,431.1,434.9,426.0,13.30K,-0.42%
2016-01-15,358.9,429.3,429.4,358.0,123.88K,-16.40%
2016-01-18,387.0,382.0,389.4,375.1,19.55K,1.30%
2016-01-19,379.0,387.0,388.4,377.4,17.19K,-2.09%
2016-01-20,419.4,378.9,428.0,375.0,82.80K,10.67%
2016-01-21,411.0,419.5,424.6,405.0,29.03K,-2.01%
2016-01-22,381.0,411.0,411.2,371.3,62.21K,-7.31%
2016-01-25,391.0,402.8,402.8,384.0,22.66K,-2.93%
2016-01-26,391.3,391.0,398.0,387.5,13.32K,0.09%
2016-01-27,395.0,391.3,397.0,389.7,8.54K,0.93%
2016-01-28,378.4,394.7,395.5,375.6,25.03K,-4.20%
2016-01-29,377.6,378.4,385.3,360.2,62.20K,-0.20%
2016-02-01,371.4,365.5,379.0,363.3,24.84K,1.62%
2016-02-02,372.9,371.4,374.8,369.9,10.44K,0.40%
2016-02-03,369.0,372.9,374.0,366.0,13.20K,-1.05%
2016-02-04,389.8,369.0,393.9,368.6,37.34K,5.64%
2016-02-05,386.5,389.8,392.6,384.5,16.90K,-0.84%
2016-02-08,370.5,372.0,376.7,369.1,16.88K,-0.41%
2016-02-09,374.0,370.5,377.6,370.3,9.08K,0.94%
2016-02-10,380.9,374.3,386.5,373.1,33.67K,1.85%
2016-02-11,378.0,380.9,383.0,372.3,14.52K,-0.76%
2016-02-12,383.0,378.0,383.5,377.1,10.15K,1.32%
2016-02-15,399.9,408.3,412.5,395.4,30.13K,-2.06%
2016-02-16,407.3,399.9,408.8,398.7,13.99K,1.84%
2016-02-17,414.9,407.3,421.7,405.3,30.40K,1.86%
2016-02-18,421.5,414.9,426.0,413.1,25.23K,1.60%
2016-02-19,420.0,421.5,422.5,412.0,13.26K,-0.36%
2016-02-22,440.3,440.5,442.5,433.4,16.34K,-0.05%
2016-02-23,421.1,440.3,442.6,416.3,32.43K,-4.35%
2016-02-24,426.4,421.4,427.5,410.7,22.43K,1.24%
2016-02-25,424.9,426.4,430.0,419.5,13.60K,-0.35%
2016-02-26,435.3,424.9,435.3,420.0,18.85K,2.45%
2016-02-29,439.2,434.5,444.8,430.5,20.40K,1.08%
2016-03-01,434.8,439.2,442.8,428.5,19.63K,-0.99%
2016-03-02,422.2,434.8,436.3,421.1,16.46K,-2.90%
2016-03-03,420.6,422.1,424.4,416.4,20.87K,-0.39%
2016-03-04,408.8,420.6,424.0,407.7,21.75K,-2.79%
2016-03-07,412.7,403.8,415.3,401.6,15.31K,2.18%
2016-03-08,411.4,412.6,415.9,406.0,10.23K,-0.33%
2016-03-09,412.9,411.4,414.5,407.8,9.03K,0.39%
2016-03-10,416.5,413.0,417.2,410.7,13.71K,0.86%
2016-03-11,420.5,416.5,423.6,415.5,15.46K,0.96%
2016-03-14,416.0,411.9,417.9,411.8,9.21K,1.01%
2016-03-15,415.5,415.9,418.8,412.8,9.63K,-0.12%
2016-03-16,417.3,415.5,418.0,414.0,7.07K,0.43%
2016-03-17,418.8,417.3,420.6,416.7,8.31K,0.35%
2016-03-18,407.7,418.8,418.9,403.0,21.09K,-2.64%
2016-03-21,411.9,411.3,412.1,406.0,7.82K,0.15%
2016-03-22,417.7,411.9,418.7,409.9,10.20K,1.41%
2016-03-23,418.1,417.7,419.7,415.8,7.19K,0.10%
2016-03-24,415.3,418.1,418.1,414.0,7.56K,-0.67%
2016-03-25,416.0,415.3,417.0,413.0,3.69K,0.17%
2016-03-28,424.1,427.4,428.0,422.4,9.25K,-0.77%
2016-03-29,415.8,424.1,426.4,407.5,23.30K,-1.95%
2016-03-30,413.2,416.0,416.0,408.6,9.04K,-0.63%
2016-03-31,416.0,413.2,418.3,413.0,7.27K,0.68%
2016-04-01,417.6,416.0,417.6,414.0,5.41K,0.37%
2016-04-04,420.5,420.6,421.2,416.3,5.75K,-0.03%
2016-04-05,423.8,420.5,424.6,419.6,7.26K,0.78%
2016-04-06,422.6,423.8,424.5,421.7,5.68K,-0.28%
2016-04-07,422.3,422.6,422.9,417.8,7.73K,-0.07%
2016-04-08,418.5,422.3,424.5,415.5,9.85K,-0.90%
2016-04-11,423.7,421.3,423.9,418.8,6.40K,0.57%
2016-04-12,426.6,423.7,430.0,423.7,14.77K,0.67%
2016-04-13,424.8,426.6,427.7,423.0,6.67K,-0.43%
2016-04-14,426.0,424.8,426.4,424.0,4.13K,0.30%
2016-04-15,431.5,426.0,432.4,426.0,15.84K,1.28%
2016-04-18,430.0,428.5,430.9,426.5,7.58K,0.36%
2016-04-19,437.8,430.0,439.0,428.5,12.05K,1.80%
2016-04-20,444.0,437.8,446.5,436.6,21.25K,1.41%
2016-04-21,452.0,443.9,454.5,442.3,17.83K,1.82%
2016-04-22,447.8,452.3,453.1,444.5,12.21K,-0.94%
2016-04-25,461.8,463.0,471.6,455.0,25.90K,-0.27%
2016-04-26,468.1,461.8,472.0,461.8,18.72K,1.38%
2016-04-27,445.1,468.1,469.7,443.4,40.28K,-4.92%
2016-04-28,450.5,444.9,450.8,435.0,25.33K,1.21%
2016-04-29,455.3,450.5,457.4,445.8,13.42K,1.08%
2016-05-02,443.7,451.1,452.5,436.0,29.74K,-1.64%
2016-05-03,450.4,443.7,452.0,440.1,12.16K,1.50%
2016-05-04,447.4,450.4,451.0,445.1,7.05K,-0.67%
2016-05-05,448.4,447.4,450.4,446.1,10.79K,0.23%
2016-05-06,461.2,448.4,465.0,448.0,26.54K,2.85%
2016-05-09,461.6,459.9,465.4,457.8,15.12K,0.37%
2016-05-10,450.7,461.6,464.0,446.2,22.57K,-2.35%
2016-05-11,452.3,450.7,454.7,450.0,8.03K,0.35%
2016-05-12,455.0,452.3,456.1,445.9,18.08K,0.60%
2016-05-13,455.8,455.0,457.5,452.0,7.13K,0.17%
2016-05-16,453.0,457.9,459.0,451.0,8.77K,-1.07%
2016-05-17,453.2,453.0,454.9,451.0,7.63K,0.05%
2016-05-18,453.5,453.2,456.9,451.5,7.16K,0.06%
2016-05-19,435.0,453.5,454.7,433.0,30.35K,-4.08%
2016-05-20,441.6,434.5,443.1,433.0,14.29K,1.51%
2016-05-23,443.7,437.5,444.4,436.5,7.87K,1.41%
2016-05-24,445.0,443.5,447.8,442.4,8.33K,0.31%
2016-05-25,449.1,445.0,450.4,443.0,12.35K,0.91%
2016-05-26,454.0,449.1,454.7,446.0,9.52K,1.09%
2016-05-27,472.0,454.0,482.3,453.6,59.12K,3.98%
2016-05-30,532.9,531.0,548.4,521.1,32.60K,0.36%
2016-05-31,530.7,532.9,546.5,518.0,49.88K,-0.41%
2016-06-01,536.8,530.7,546.1,523.8,27.82K,1.15%
2016-06-02,538.8,536.8,543.7,532.4,16.88K,0.37%
2016-06-03,570.9,538.8,579.0,535.8,48.45K,5.95%
2016-06-06,585.2,574.0,588.5,574.0,27.45K,1.95%
2016-06-07,576.9,585.2,592.1,561.3,36.12K,-1.43%
2016-06-08,583.0,576.9,585.0,571.1,18.08K,1.07%
2016-06-09,575.5,583.0,583.7,570.0,21.87K,-1.29%
2016-06-10,580.1,575.5,582.4,572.5,16.17K,0.79%
2016-06-13,705.9,672.0,719.0,659.9,117.69K,5.20%
2016-06-14,684.5,705.9,705.9,656.5,65.74K,-3.03%
2016-06-15,696.9,684.5,699.1,669.2,34.04K,1.81%
2016-06-16,769.5,697.0,778.5,697.0,123.86K,10.41%
2016-06-17,748.7,769.5,780.0,703.1,97.38K,-2.70%
2016-06-20,743.9,767.3,767.7,724.3,49.09K,-3.05%
2016-06-21,668.9,705.8,715.8,668.9,102.12K,-10.08%
2016-06-22,606.0,669.0,688.2,588.9,100.50K,-9.40%
2016-06-23,625.8,605.6,638.2,555.6,122.98K,3.26%
2016-06-24,666.0,625.8,680.0,625.8,92.36K,6.43%
2016-06-27,662.2,627.4,662.2,617.3,46.01K,5.54%
2016-06-28,646.3,662.2,664.3,633.0,35.75K,-2.40%
2016-06-29,639.7,646.6,646.6,622.0,33.26K,-1.02%
2016-06-30,674.7,640.0,677.5,635.6,40.25K,5.48%
2016-07-01,674.8,674.7,690.6,667.6,41.62K,0.00%
2016-07-04,681.3,659.3,684.2,644.5,23.52K,3.34%
2016-07-05,667.8,681.3,682.7,659.3,17.40K,-1.99%
2016-07-06,677.0,667.8,682.6,667.0,15.92K,1.39%
2016-07-07,640.5,677.4,682.0,610.1,75.70K,-5.40%
2016-07-08,664.8,640.5,666.6,634.0,32.88K,3.79%
2016-07-11,648.0,649.7,662.5,643.4,13.92K,-0.27%
2016-07-12,667.2,648.0,678.0,645.6,30.22K,2.97%
2016-07-13,653.7,667.1,669.9,652.5,17.54K,-2.02%
2016-07-14,659.8,653.7,666.0,650.0,20.20K,0.93%
2016-07-15,665.5,659.8,669.6,658.2,9.47K,0.87%
2016-07-18,674.3,683.2,686.0,666.5,18.08K,-1.30%
2016-07-19,675.0,674.3,676.6,666.3,10.95K,0.10%
2016-07-20,665.8,675.0,676.0,661.3,12.85K,-1.36%
2016-07-21,665.0,665.8,668.0,657.6,10.70K,-0.13%
2016-07-22,648.0,665.0,668.0,640.0,27.84K,-2.55%
2016-07-25,654.2,661.8,664.4,650.0,14.84K,-1.16%
2016-07-26,648.5,654.2,657.6,640.6,20.36K,-0.87%
2016-07-27,654.5,648.5,657.1,646.6,11.79K,0.93%
2016-07-28,,,,,,
2016-07-29,658.3,657.0,660.4,654.5,9.23K,0.59%
2016-08-01,608.0,622.7,627.3,605.0,31.43K,-2.51%
2016-08-02,604.0,608.3,615.3,595.0,48.65K,-0.66%
2016-08-03,,,,,,
2016-08-04,,,,,,
2016-08-05,,,,,,
2016-08-08,,,,,,
2016-08-09,,,,,,
2016-08-10,590.3,604.1,614.5,579.0,21.35K,-2.29%
2016-08-11,591.3,590.5,599.0,587.8,15.30K,0.17%
2016-08-12,585.5,591.3,593.0,584.0,6.29K,-0.98%
2016-08-15,564.6,569.4,574.0,563.0,7.65K,-0.84%
2016-08-16,574.2,564.6,579.0,564.0,6.22K,1.70%
2016-08-17,571.8,574.2,577.9,569.0,5.03K,-0.42%
2016-08-18,572.2,571.8,578.0,569.7,6.00K,0.07%
2016-08-19,573.5,572.3,577.2,570.8,2.93K,0.23%
2016-08-22,588.0,581.4,590.0,581.4,4.62K,1.13%
2016-08-23,583.5,588.0,590.7,581.1,4.80K,-0.76%
2016-08-24,580.3,583.5,586.9,580.0,5.05K,-0.55%
2016-08-25,577.2,580.3,581.1,574.0,3.57K,-0.54%
2016-08-26,578.0,577.2,579.5,575.1,1.77K,0.14%
2016-08-29,574.8,574.2,578.0,573.0,2.80K,0.11%
2016-08-30,579.5,574.8,580.2,574.2,3.20K,0.82%
2016-08-31,576.2,579.5,579.5,572.7,3.51K,-0.58%
2016-09-01,572.7,576.2,578.0,571.5,3.62K,-0.59%
2016-09-02,579.8,572.7,581.1,570.6,5.67K,1.24%
2016-09-05,611.5,614.5,615.7,605.7,5.08K,-0.49%
2016-09-06,615.2,611.5,616.7,609.8,3.09K,0.61%
2016-09-07,619.8,615.1,620.6,610.8,5.53K,0.73%
2016-09-08,631.7,619.8,636.2,617.8,8.27K,1.93%
2016-09-09,626.3,631.7,633.5,621.3,4.27K,-0.87%
2016-09-12,611.6,612.1,615.2,608.1,4.97K,-0.08%
2016-09-13,614.2,611.6,618.0,610.0,7.27K,0.43%
2016-09-14,613.9,614.2,617.4,612.0,5.93K,-0.06%
2016-09-15,611.8,613.9,617.3,611.0,4.38K,-0.34%
2016-09-16,610.0,611.8,614.2,609.5,3.70K,-0.29%
2016-09-19,609.8,613.0,615.0,608.9,2.96K,-0.53%
2016-09-20,600.0,609.8,612.0,600.0,3.37K,-1.60%
2016-09-21,597.4,600.1,600.1,592.7,7.66K,-0.44%
2016-09-22,597.1,597.4,598.7,596.0,2.33K,-0.06%
2016-09-23,603.3,597.1,604.0,596.0,1.96K,1.04%
2016-09-26,609.1,600.4,610.0,599.9,3.11K,1.46%
2016-09-27,605.5,609.1,609.9,602.0,3.20K,-0.59%
2016-09-28,603.8,605.5,605.8,603.1,2.05K,-0.29%
2016-09-29,604.6,603.8,607.8,603.2,3.14K,0.14%
2016-09-30,611.1,604.6,612.9,604.3,2.36K,1.08%
2016-10-03,612.6,609.1,613.2,608.9,3.28K,0.57%
2016-10-04,611.0,612.7,614.0,609.6,4.01K,-0.26%
2016-10-05,614.1,610.7,617.3,610.0,3.41K,0.51%
2016-10-06,613.5,614.1,615.9,612.7,3.08K,-0.09%
2016-10-07,620.1,613.5,621.2,613.0,4.85K,1.08%
2016-10-10,618.9,616.6,620.0,615.9,3.09K,0.37%
2016-10-11,641.7,618.9,646.0,618.1,12.53K,3.70%
2016-10-12,637.6,641.9,644.1,637.3,3.85K,-0.64%
2016-10-13,637.0,637.6,643.7,636.4,5.01K,-0.10%
2016-10-14,643.0,637.0,645.4,636.7,6.64K,0.94%
2016-10-17,639.8,644.2,644.6,637.8,5.02K,-0.68%
2016-10-18,638.8,639.8,641.7,632.9,6.09K,-0.15%
2016-10-19,631.8,638.7,643.9,627.8,8.99K,-1.10%
2016-10-20,632.5,631.8,633.6,628.0,3.34K,0.11%
2016-10-21,636.7,632.5,639.0,632.0,7.22K,0.68%
2016-10-24,654.7,659.0,659.0,654.0,5.70K,-0.66%
2016-10-25,659.5,654.7,670.0,652.7,5.52K,0.74%
2016-10-26,678.7,659.5,685.6,658.5,11.69K,2.91%
2016-10-27,688.7,678.7,690.6,676.7,12.93K,1.47%
2016-10-28,693.5,688.7,695.0,681.6,10.10K,0.70%
2016-10-31,704.1,702.5,706.0,688.0,10.56K,0.22%
2016-11-01,734.2,704.1,746.5,701.4,22.23K,4.27%
2016-11-02,737.9,731.4,740.0,723.6,8.39K,0.51%
2016-11-03,690.1,747.2,753.7,676.0,26.99K,-6.48%
2016-11-04,708.4,696.9,710.9,687.0,13.97K,2.66%
2016-11-07,707.8,712.7,712.7,700.0,3.66K,-0.73%
2016-11-08,714.0,704.8,718.0,703.0,9.07K,0.87%
2016-11-09,723.8,714.0,743.1,708.5,15.73K,1.38%
2016-11-10,714.9,724.4,725.0,709.1,4.35K,-1.24%
2016-11-11,714.8,714.9,719.4,712.0,4.58K,-0.01%
2016-11-14,707.4,708.1,709.0,699.0,6.01K,-0.09%
2016-11-15,712.2,707.4,720.0,707.4,7.94K,0.67%
2016-11-16,745.0,712.2,747.5,710.1,17.95K,4.61%
2016-11-17,740.7,745.0,762.4,735.0,14.89K,-0.58%
2016-11-18,754.0,740.7,756.9,734.5,6.96K,1.80%
2016-11-21,739.0,729.7,740.6,728.1,7.20K,1.28%
2016-11-22,750.0,739.0,753.9,733.3,9.48K,1.50%
2016-11-23,742.0,749.8,750.9,730.8,5.58K,-1.07%
2016-11-24,737.7,742.0,744.3,727.6,6.07K,-0.58%
2016-11-25,740.4,737.7,741.1,730.0,4.06K,0.36%
2016-11-28,731.5,724.9,735.0,724.9,4.14K,0.90%
2016-11-29,731.0,731.5,733.9,728.7,5.65K,-0.06%
2016-11-30,739.0,731.0,743.1,729.1,5.53K,1.09%
2016-12-01,755.4,739.0,756.0,738.8,13.40K,2.21%
2016-12-02,774.9,755.4,779.2,755.2,13.41K,2.59%
2016-12-05,750.6,768.5,769.0,744.6,10.07K,-2.33%
2016-12-06,757.4,750.6,758.5,750.4,5.28K,0.90%
2016-12-07,765.0,757.2,772.2,749.1,10.69K,1.01%
2016-12-08,765.0,765.0,773.2,762.7,4.75K,0.00%
2016-12-09,770.5,765.0,772.7,765.0,3.65K,0.72%
2016-12-12,778.0,770.2,784.1,770.2,6.76K,1.01%
2016-12-13,775.0,778.0,788.9,763.7,5.58K,-0.38%
2016-12-14,774.5,775.0,781.2,771.2,3.68K,-0.07%
2016-12-15,777.4,774.5,780.1,774.5,3.18K,0.38%
2016-12-16,784.2,777.4,785.0,775.9,4.77K,0.87%
2016-12-19,790.6,790.2,792.2,788.0,2.15K,0.05%
2016-12-20,798.0,790.6,802.3,788.0,6.99K,0.94%
2016-12-21,830.0,798.8,830.5,795.0,16.22K,4.01%
2016-12-22,859.2,829.3,873.9,825.0,15.25K,3.52%
2016-12-23,919.0,859.2,920.0,859.0,26.03K,6.96%
2016-12-26,906.4,898.0,920.0,894.2,11.83K,0.94%
2016-12-27,936.3,906.4,940.0,903.5,9.19K,3.30%
2016-12-28,981.7,936.4,983.0,936.4,20.82K,4.85%
2016-12-29,972.6,981.7,983.0,949.0,22.56K,-0.92%
2016-12-30,959.3,974.7,974.7,929.8,19.36K,-1.37%
2017-01-02,1019.3,999.2,1034.8,997.3,21.82K,2.03%
2017-01-03,1037.5,1019.3,1038.7,1013.5,14.11K,1.79%
2017-01-04,1139.6,1037.5,1150.0,1036.4,53.73K,9.84%
2017-01-05,1003.2,1139.8,1166.0,865.4,91.20K,-11.97%
2017-01-06,898.0,1003.8,1025.0,871.0,57.40K,-10.49%
2017-01-09,903.0,915.9,916.1,876.3,16.59K,-1.41%
2017-01-10,905.8,903.0,917.9,895.5,12.14K,0.31%
2017-01-11,778.6,905.8,922.6,760.0,62.87K,-14.04%
2017-01-12,804.6,779.5,831.2,738.7,35.91K,3.34%
2017-01-13,828.1,804.6,832.3,776.0,25.88K,2.93%
2017-01-16,830.1,820.7,837.9,814.8,7.65K,1.14%
2017-01-17,904.0,830.1,910.8,828.0,27.34K,8.90%
2017-01-18,887.8,904.0,913.8,847.3,21.30K,-1.80%
2017-01-19,900.3,887.6,908.2,884.6,15.08K,1.41%
2017-01-20,896.0,900.3,904.5,883.3,9.49K,-0.48%
2017-01-23,910.0,923.7,928.8,910.0,9.63K,-1.48%
2017-01-24,886.1,908.4,927.0,884.2,20.73K,-2.63%
2017-01-25,893.3,886.1,899.6,884.2,10.48K,0.82%
2017-01-26,915.1,893.3,917.6,893.3,9.82K,2.44%
2017-01-27,916.7,915.1,922.2,905.0,10.14K,0.17%
2017-01-30,917.4,912.5,920.8,910.0,3.45K,0.53%
2017-01-31,966.2,917.4,969.4,916.8,19.65K,5.32%
2017-02-01,983.7,966.2,985.0,960.1,11.35K,1.82%
2017-02-02,1005.7,983.7,1010.5,970.1,17.79K,2.23%
2017-02-03,1015.7,1007.0,1020.5,988.3,18.97K,0.99%
2017-02-06,1022.6,1006.6,1026.2,1006.0,8.90K,1.59%
2017-02-07,1052.1,1022.6,1056.3,1021.7,15.19K,2.88%
2017-02-08,1048.8,1052.5,1068.0,1013.2,23.09K,-0.31%
2017-02-09,985.0,1049.0,1078.0,936.4,59.96K,-6.09%
2017-02-10,992.0,985.0,1002.0,949.4,24.48K,0.71%
2017-02-13,996.5,996.0,1004.5,975.9,9.05K,0.05%
2017-02-14,1013.7,996.5,1019.0,988.9,12.20K,1.73%
2017-02-15,1013.8,1013.3,1017.3,1002.4,5.61K,0.01%
2017-02-16,1038.4,1013.9,1045.7,1013.9,11.26K,2.43%
2017-02-17,1056.2,1038.5,1065.8,1034.1,16.17K,1.71%
2017-02-20,1091.2,1056.2,1100.3,1044.1,13.29K,3.31%
2017-02-21,1129.6,1091.3,1134.0,1085.0,24.50K,3.52%
2017-02-22,1125.3,1129.6,1140.0,1106.4,14.33K,-0.38%
2017-02-23,1190.9,1125.5,1196.9,1120.4,26.12K,5.83%
2017-02-24,1185.1,1189.9,1222.2,1111.1,48.21K,-0.49%
2017-02-27,1195.5,1178.3,1202.6,1171.0,11.76K,1.46%
2017-02-28,1189.1,1196.0,1216.0,1177.8,17.47K,-0.54%
2017-03-01,1232.8,1189.1,1233.5,1186.0,22.49K,3.68%
2017-03-02,1262.3,1232.9,1283.1,1213.0,30.55K,2.39%
2017-03-03,1288.2,1257.6,1294.7,1256.6,22.29K,2.05%
2017-03-06,1279.3,1278.4,1287.8,1268.6,9.60K,0.07%
2017-03-07,1232.4,1279.2,1281.8,1185.9,42.01K,-3.67%
2017-03-08,1149.3,1232.4,1243.6,1142.2,46.82K,-6.74%
2017-03-09,1190.4,1150.0,1207.5,1136.0,24.15K,3.58%
2017-03-10,1113.6,1190.4,1328.8,971.0,104.89K,-6.45%
2017-03-13,1238.5,1224.4,1246.9,1207.5,23.07K,1.09%
2017-03-14,1245.0,1238.5,1257.9,1218.9,17.97K,0.52%
2017-03-15,1256.1,1245.0,1262.0,1241.3,15.84K,0.89%
2017-03-16,1169.0,1256.1,1259.7,1132.5,51.49K,-6.93%
2017-03-17,1068.4,1169.1,1169.6,1066.0,59.21K,-8.61%
2017-03-20,1039.0,1016.5,1052.1,1011.2,20.53K,2.25%
2017-03-21,1115.0,1040.4,1120.9,1040.1,33.42K,7.31%
2017-03-22,1039.1,1115.9,1116.0,986.3,41.33K,-6.81%
2017-03-23,1033.0,1039.4,1055.0,1018.0,19.33K,-0.59%
2017-03-24,943.1,1032.7,1034.2,928.3,43.52K,-8.70%
2017-03-27,1042.7,968.9,1046.9,960.1,31.91K,7.61%
2017-03-28,1044.7,1042.8,1066.5,1016.8,25.25K,0.19%
2017-03-29,1041.8,1044.7,1058.9,1009.3,22.32K,-0.28%
2017-03-30,1041.0,1041.7,1053.5,1022.2,24.81K,-0.08%
2017-03-31,1081.7,1042.1,1089.4,1041.0,27.50K,3.91%
2017-04-03,1150.2,1107.8,1159.9,1107.8,30.42K,3.85%
2017-04-04,1145.0,1150.1,1161.9,1124.1,21.16K,-0.45%
2017-04-05,1140.6,1145.8,1146.7,1112.3,22.55K,-0.38%
2017-04-06,1191.5,1140.3,1206.4,1140.3,32.17K,4.46%
2017-04-07,1196.6,1191.5,1208.9,1176.7,20.44K,0.43%
2017-04-10,1220.3,1215.9,1229.9,1208.1,11.55K,0.36%
2017-04-11,1235.6,1220.3,1243.4,1209.1,9.56K,1.25%
2017-04-12,1227.4,1236.9,1239.0,1221.0,12.01K,-0.66%
2017-04-13,1187.0,1227.4,1235.1,1163.5,19.14K,-3.29%
2017-04-14,1206.8,1187.0,1219.1,1184.0,12.32K,1.67%
2017-04-17,1240.0,1212.5,1247.0,1202.2,15.15K,2.31%
2017-04-18,1265.4,1240.0,1274.8,1237.0,16.14K,2.05%
2017-04-19,1260.5,1265.4,1272.0,1255.0,7.58K,-0.39%
2017-04-20,1308.4,1260.5,1325.7,1260.1,15.62K,3.80%
2017-04-21,1325.6,1308.7,1333.1,1307.5,8.00K,1.31%
2017-04-24,1345.0,1355.3,1359.6,1326.9,7.91K,-0.75%
2017-04-25,1370.3,1345.0,1378.5,1342.1,8.27K,1.88%
2017-04-26,1399.3,1371.0,1411.7,1365.1,11.81K,2.12%
2017-04-27,1440.3,1399.3,1449.7,1392.5,10.40K,2.93%
2017-04-28,1415.6,1440.3,1447.0,1368.3,14.02K,-1.71%
2017-05-01,1533.1,1435.0,1560.0,1432.0,22.30K,6.82%
2017-05-02,1560.0,1533.0,1604.6,1479.2,16.73K,1.75%
2017-05-03,1617.8,1558.5,1626.9,1542.0,17.07K,3.71%
2017-05-04,1607.1,1619.4,1701.9,1521.1,31.49K,-0.66%
2017-05-05,1545.1,1607.2,1665.5,1511.7,32.64K,-3.86%
2017-05-08,1703.2,1619.8,1715.0,1618.9,19.91K,5.14%
2017-05-09,1760.0,1703.5,1813.9,1695.1,31.21K,3.33%
2017-05-10,1796.8,1759.8,1817.4,1722.3,18.62K,2.09%
2017-05-11,1853.9,1796.9,1908.0,1766.6,24.39K,3.18%
2017-05-12,1735.0,1853.9,1864.8,1700.8,21.40K,-6.41%
2017-05-15,1772.5,1826.8,1828.5,1720.0,15.76K,-3.04%
2017-05-16,1785.7,1772.0,1795.1,1728.0,9.86K,0.74%
2017-05-17,1870.0,1786.2,1892.9,1766.4,15.91K,4.72%
2017-05-18,1941.5,1870.0,1949.9,1861.0,12.91K,3.82%
2017-05-19,1966.5,1941.5,2000.0,1925.0,23.00K,1.29%
2017-05-22,2085.5,2026.5,2219.9,1979.2,57.24K,2.77%
2017-05-23,2249.3,2087.5,2262.9,2060.0,22.49K,7.85%
2017-05-24,2394.8,2250.0,2443.8,2247.7,29.63K,6.47%
2017-05-25,2252.0,2392.6,2689.0,2142.1,55.10K,-5.96%
2017-05-26,2127.3,2268.1,2477.0,2008.7,39.76K,-5.54%
2017-05-29,2207.4,2056.9,2249.8,1990.1,16.46K,7.33%
2017-05-30,2146.7,2207.4,2263.1,2080.4,21.45K,-2.75%
2017-05-31,2191.8,2147.3,2240.1,2002.1,21.24K,2.10%
2017-06-01,2311.6,2191.8,2366.7,2187.4,18.96K,5.46%
2017-06-02,2405.9,2312.0,2407.8,2271.9,12.55K,4.08%
2017-06-05,2636.2,2488.2,2637.5,2480.0,15.39K,5.95%
2017-06-06,2843.6,2636.9,2896.5,2620.0,42.68K,7.87%
2017-06-07,2642.6,2844.6,2850.0,2600.2,22.10K,-7.07%
2017-06-08,2782.1,2642.0,2789.3,2570.1,16.98K,5.28%
2017-06-09,2809.0,2781.5,2849.8,2769.6,9.52K,0.97%
2017-06-12,2571.8,2941.8,2961.9,2298.2,48.34K,-12.41%
2017-06-13,2676.4,2570.0,2730.0,2532.6,23.18K,4.07%
2017-06-14,2395.0,2677.1,2720.0,2284.4,34.71K,-10.51%
2017-06-15,2377.4,2394.3,2455.0,2050.0,55.83K,-0.74%
2017-06-16,2437.0,2377.5,2480.0,2261.2,22.41K,2.51%
2017-06-19,2580.8,2494.9,2592.7,2481.4,13.71K,3.58%
2017-06-20,2712.2,2585.0,2779.6,2568.2,20.56K,5.09%
2017-06-21,2621.2,2715.3,2760.0,2573.3,24.54K,-3.36%
2017-06-22,2672.8,2624.4,2709.0,2554.8,15.18K,1.97%
2017-06-23,2674.9,2672.8,2725.3,2652.8,8.14K,0.08%
2017-06-26,2394.6,2480.0,2510.4,2258.7,36.37K,-3.35%
2017-06-27,2521.2,2393.5,2524.0,2208.1,33.49K,5.29%
2017-06-28,2518.2,2521.3,2561.1,2403.2,21.83K,-0.12%
2017-06-29,2470.1,2518.2,2537.0,2424.1,12.96K,-1.91%
2017-06-30,2420.7,2472.4,2511.1,2406.6,10.40K,-2.00%
2017-07-03,2524.0,2445.1,2584.0,2416.2,16.14K,3.23%
2017-07-04,2582.6,2525.9,2628.0,2512.4,15.75K,2.32%
2017-07-05,2598.5,2579.9,2617.6,2482.5,13.54K,0.62%
2017-07-06,2593.1,2598.6,2603.3,2546.0,9.83K,-0.21%
2017-07-07,2479.3,2593.2,2598.0,2447.0,17.68K,-4.39%
2017-07-10,2318.3,2477.9,2498.1,2240.0,28.09K,-6.44%
2017-07-11,2282.1,2318.3,2372.8,2183.3,33.06K,-1.56%
2017-07-12,2374.4,2285.6,2394.0,2195.8,21.67K,4.04%
2017-07-13,2329.0,2375.6,2400.0,2293.8,18.42K,-1.91%
2017-07-14,2205.1,2329.4,2345.6,2138.0,27.74K,-5.32%
2017-07-17,2219.0,1925.0,2223.3,1924.1,40.48K,15.28%
2017-07-18,2302.1,2220.0,2380.2,2139.8,44.10K,3.74%
2017-07-19,2253.1,2302.2,2399.9,2214.2,35.81K,-2.13%
2017-07-20,2856.3,2253.3,2919.9,2253.3,83.44K,26.77%
2017-07-21,2664.0,2874.5,2874.5,2615.0,57.43K,-6.73%
2017-07-24,2769.7,2750.1,2812.0,2707.3,20.71K,0.81%
2017-07-25,2560.9,2769.7,2790.1,2435.7,56.10K,-7.54%
2017-07-26,2525.7,2560.9,2612.0,2404.6,34.18K,-1.37%
2017-07-27,2664.9,2527.7,2682.2,2511.0,31.36K,5.51%
2017-07-28,2784.8,2664.6,2819.9,2655.5,40.54K,4.50%
2017-07-31,2856.0,2748.9,2883.5,2694.8,27.56K,3.89%
2017-08-01,2731.2,2854.3,2901.6,2615.8,42.31K,-4.37%
2017-08-02,2702.0,2733.8,2757.8,2640.0,23.76K,-1.07%
2017-08-03,2790.3,2702.0,2813.0,2698.0,16.86K,3.27%
2017-08-04,2860.0,2790.3,2874.8,2762.6,18.99K,2.50%
2017-08-07,3396.7,3232.5,3440.0,3190.0,24.54K,5.23%
2017-08-08,3415.0,3395.0,3482.9,3343.8,31.72K,0.54%
2017-08-09,3339.9,3415.0,3424.4,3236.8,26.25K,-2.20%
2017-08-10,3407.9,3340.2,3444.4,3310.0,19.13K,2.04%
2017-08-11,3644.1,3404.7,3690.6,3380.0,26.43K,6.93%
2017-08-14,4319.5,4061.6,4330.3,3969.3,34.22K,6.57%
2017-08-15,4151.9,4321.0,4430.0,3841.9,64.13K,-3.88%
2017-08-16,4386.3,4160.0,4403.6,3928.1,35.29K,5.65%
2017-08-17,4260.0,4386.4,4489.1,4178.1,40.30K,-2.88%
2017-08-18,4090.2,4269.7,4359.0,3957.0,46.80K,-3.99%
2017-08-21,4002.5,4066.3,4093.5,3956.4,26.61K,-1.52%
2017-08-22,4074.0,3998.9,4140.0,3600.0,61.72K,1.79%
2017-08-23,4129.1,4086.9,4248.6,4055.9,27.49K,1.35%
2017-08-24,4325.2,4135.0,4370.8,4093.0,22.04K,4.75%
2017-08-25,4351.5,4324.1,4461.2,4277.4,27.76K,0.61%
2017-08-28,4383.8,4330.7,4395.2,4175.7,21.22K,1.20%
2017-08-29,4587.1,4385.1,4644.2,4336.7,32.70K,4.64%
2017-08-30,4569.0,4586.6,4641.1,4481.1,17.07K,-0.39%
2017-08-31,4718.2,4567.9,4749.9,4567.9,18.47K,3.27%
2017-09-01,4904.9,4718.3,4927.4,4660.7,28.71K,3.96%
2017-09-04,4200.4,4599.2,4606.0,4056.5,59.08K,-8.59%
2017-09-05,4374.9,4210.6,4469.9,3900.1,57.73K,4.15%
2017-09-06,4589.1,4375.0,4631.4,4361.4,39.00K,4.90%
2017-09-07,4613.5,4594.6,4672.8,4465.3,23.13K,0.53%
2017-09-08,4305.8,4613.5,4686.2,4107.1,60.93K,-6.67%
2017-09-11,4203.0,4234.9,4373.1,4123.0,30.90K,-0.69%
2017-09-12,4142.9,4198.9,4378.4,4055.5,40.04K,-1.43%
2017-09-13,3849.7,4149.4,4159.6,3734.0,71.51K,-7.08%
2017-09-14,3238.1,3850.2,3917.2,3206.2,127.51K,-15.89%
2017-09-15,3698.0,3237.4,3809.0,2981.0,183.11K,14.20%
2017-09-18,4084.1,3667.0,4113.9,3667.0,58.98K,11.40%
2017-09-19,3900.0,4084.4,4110.0,3836.2,47.77K,-4.51%
2017-09-20,3873.2,3892.2,4048.0,3834.1,33.21K,-0.69%
2017-09-21,3603.4,3875.5,3903.7,3564.4,56.98K,-6.97%
2017-09-22,3598.5,3597.3,3743.6,3493.5,49.24K,-0.14%
2017-09-25,3930.0,3654.7,3977.0,3654.7,40.15K,7.59%
2017-09-26,3879.1,3930.0,3983.0,3850.9,21.41K,-1.30%
2017-09-27,4205.4,3881.6,4226.5,3878.1,48.62K,8.41%
2017-09-28,4190.0,4207.5,4268.6,4125.0,36.57K,-0.37%
2017-09-29,4169.9,4190.0,4244.6,4024.7,38.94K,-0.48%
2017-10-02,4400.1,4404.3,4482.0,4359.8,29.08K,-0.10%
2017-10-03,4311.1,4399.3,4439.9,4222.0,28.54K,-2.02%
2017-10-04,4215.1,4310.6,4353.8,4177.7,26.37K,-2.23%
2017-10-05,4315.4,4215.9,4364.6,4134.9,25.36K,2.38%
2017-10-06,4371.0,4312.6,4424.5,4294.0,25.94K,1.29%
2017-10-09,4782.3,4612.4,4874.9,4551.3,48.93K,3.67%
2017-10-10,4777.0,4782.3,4940.0,4717.5,42.68K,-0.11%
2017-10-11,4824.9,4777.7,4879.5,4715.0,28.92K,1.00%
2017-10-12,5428.5,4824.9,5437.6,4815.1,79.26K,12.51%
2017-10-13,5636.8,5440.0,5874.3,5376.0,99.15K,3.84%
2017-10-16,5764.4,5712.2,5803.2,5570.4,31.41K,1.15%
2017-10-17,5597.1,5764.8,5779.0,5511.0,31.91K,-2.90%
2017-10-18,5565.0,5597.7,5597.9,5114.3,69.04K,-0.57%
2017-10-19,5694.0,5574.8,5741.0,5505.8,38.04K,2.32%
2017-10-20,5984.5,5694.0,6082.2,5606.4,61.78K,5.10%
2017-10-23,5906.9,5980.5,6051.0,5639.8,67.06K,-1.23%
2017-10-24,5509.5,5902.5,5902.5,5457.5,64.03K,-6.73%
2017-10-25,5720.0,5509.9,5743.9,5367.9,44.80K,3.82%
2017-10-26,5890.0,5724.2,5966.6,5680.5,42.72K,2.97%
2017-10-27,5759.6,5890.0,6010.2,5681.2,39.71K,-2.21%
2017-10-30,6125.3,6146.0,6237.2,6010.0,33.26K,-0.50%
2017-10-31,6458.3,6129.9,6472.1,6082.7,38.76K,5.44%
2017-11-01,6727.3,6450.2,6727.3,6348.0,57.13K,4.17%
2017-11-02,7019.9,6735.0,7315.1,6724.5,97.45K,4.35%
2017-11-03,7278.4,7018.9,7447.5,6926.5,64.15K,3.68%
2017-11-06,6955.0,7355.1,7429.5,6915.1,63.27K,-5.78%
2017-11-07,7103.3,6959.6,7214.4,6959.0,37.54K,2.13%
2017-11-08,7442.4,7102.0,7895.0,7029.9,97.30K,4.77%
2017-11-09,7126.2,7447.0,7447.0,7017.6,50.14K,-4.25%
2017-11-10,6542.2,7123.3,7313.1,6405.2,88.43K,-8.20%
2017-11-13,6474.6,5806.5,6680.0,5786.1,110.44K,11.21%
2017-11-14,6579.2,6476.5,6687.8,6315.4,49.52K,1.62%
2017-11-15,7278.3,6589.9,7310.2,6589.9,71.61K,10.63%
2017-11-16,7864.2,7273.7,8012.9,7099.9,85.88K,8.05%
2017-11-17,7677.9,7865.0,8029.8,7511.1,75.95K,-2.37%
2017-11-20,8245.1,8052.8,8310.2,7943.4,38.28K,2.37%
2017-11-21,8097.3,8245.1,8380.0,7790.0,71.85K,-1.79%
2017-11-22,8230.1,8097.3,8310.0,8064.3,28.86K,1.64%
2017-11-23,7977.1,8230.0,8267.6,7977.1,32.10K,-3.07%
2017-11-24,8191.6,7977.0,8350.7,7873.0,42.85K,2.69%
2017-11-27,9728.8,9303.9,9760.7,9268.9,66.66K,4.43%
2017-11-28,9898.0,9727.1,9977.8,9608.3,47.11K,1.74%
2017-11-29,9749.4,9891.9,11427.2,9001.1,182.74K,-1.50%
2017-11-30,9907.0,9771.9,10540.0,8821.0,129.07K,1.62%
2017-12-01,10869.0,9907.0,10949.0,9370.1,84.14K,9.71%
2017-12-04,11595.0,11162.0,11598.0,10788.0,63.74K,3.93%
2017-12-05,11595.0,11611.0,11949.0,11414.0,48.94K,0.00%
2017-12-06,13527.0,11590.0,13598.0,11590.0,83.59K,16.66%
2017-12-07,16601.0,13500.0,16639.0,13154.0,141.26K,22.72%
2017-12-08,15869.0,16608.0,17160.0,13774.0,124.11K,-4.41%
2017-12-11,16754.0,14937.0,17443.0,14937.0,78.09K,11.72%
2017-12-12,16967.0,16754.0,17500.0,16234.0,52.09K,1.27%
2017-12-13,16181.0,17010.0,17288.0,15674.0,62.88K,-4.63%
2017-12-14,16383.0,16122.0,16999.0,15870.0,45.72K,1.25%
2017-12-15,17522.0,16396.0,18098.0,16352.0,63.11K,6.95%
2017-12-18,18934.0,18959.0,19171.0,18010.0,53.58K,-0.20%
2017-12-19,17345.0,18931.0,18987.0,16500.0,66.65K,-8.39%
2017-12-20,16425.0,17340.0,17709.0,15500.0,82.16K,-5.30%
2017-12-21,15666.8,16433.0,17333.0,14827.0,65.58K,-4.62%
2017-12-22,13170.0,15650.0,15826.0,10718.0,179.00K,-15.94%
2017-12-25,13623.0,13517.0,14278.0,12678.0,45.61K,1.09%
2017-12-26,15679.0,13627.0,16048.0,13550.0,63.44K,15.09%
2017-12-27,15374.0,15680.0,16494.0,14463.0,54.99K,-1.95%
2017-12-28,14315.0,15374.0,15467.0,13232.0,72.89K,-6.89%
2017-12-29,14317.0,14323.0,15105.0,13847.0,48.01K,0.01%
2018-01-01,13354.0,13794.0,13893.0,12787.0,29.54K,-3.23%
2018-01-02,14709.8,13448.0,15300.0,12810.0,56.18K,10.15%
2018-01-03,15155.0,14713.0,15428.0,14522.0,38.35K,3.03%
2018-01-04,15160.0,15150.0,15390.0,14064.0,46.47K,0.03%
2018-01-05,16917.0,15159.0,17101.0,14769.0,54.63K,11.59%
2018-01-08,14930.0,16216.0,16279.0,13760.0,64.95K,-7.82%
2018-01-09,14423.0,14902.0,15355.0,14122.0,43.44K,-3.40%
2018-01-10,14896.0,14426.0,14896.0,13338.0,57.33K,3.28%
2018-01-11,13266.0,14895.0,14949.8,12639.0,71.70K,-10.94%
2018-01-12,13783.0,13248.0,14095.0,12778.0,37.42K,3.90%
2018-01-15,13575.0,13558.0,14350.0,13307.0,33.46K,0.13%
2018-01-16,11072.0,13594.0,13604.0,9949.4,131.86K,-18.44%
2018-01-17,11082.0,11059.0,11490.0,9231.1,132.23K,0.09%
2018-01-18,11045.0,11101.0,11881.0,10515.0,85.24K,-0.33%
2018-01-19,11476.0,11036.0,11879.0,10649.0,48.55K,3.90%
2018-01-22,10771.0,11519.0,11886.0,10009.0,66.35K,-6.45%
2018-01-23,10819.0,10770.0,11383.0,9901.1,63.85K,0.45%
2018-01-24,11414.0,10811.0,11529.0,10454.0,43.82K,5.50%
2018-01-25,11146.0,11402.0,11723.0,10857.0,34.44K,-2.35%
2018-01-26,11070.0,11144.0,11647.0,10298.0,56.75K,-0.68%
2018-01-29,11212.0,11836.0,11957.0,11074.0,25.65K,-5.30%
2018-01-30,10175.0,11215.0,11250.0,9864.9,61.28K,-9.25%
2018-01-31,10284.0,10170.0,10411.0,9761.0,43.23K,1.07%
2018-02-01,9181.1,10278.0,10311.0,8941.0,78.78K,-10.72%
2018-02-02,8895.8,9181.0,9201.0,7972.2,123.34K,-3.11%
2018-02-05,6949.9,8185.2,8378.0,6658.8,131.29K,-15.25%
2018-02-06,7673.8,6946.6,7860.0,6000.0,192.76K,10.42%
2018-02-07,7587.0,7679.4,8488.2,7175.1,106.70K,-1.13%
2018-02-08,8235.1,7585.0,8648.8,7579.6,77.62K,8.54%
2018-02-09,8683.2,8240.0,8748.0,7734.7,63.03K,5.44%
2018-02-12,8900.6,8070.0,9000.0,8070.0,51.40K,10.31%
2018-02-13,8515.9,8902.9,8952.8,8339.7,39.51K,-4.32%
2018-02-14,9455.4,8515.9,9488.0,8512.6,50.36K,11.03%
2018-02-15,9996.9,9454.3,10175.0,9338.8,67.53K,5.73%
2018-02-16,10162.0,9996.0,10270.0,9674.9,43.89K,1.65%
2018-02-19,11173.0,10398.0,11250.0,10308.0,50.74K,7.72%
2018-02-20,11218.0,11172.0,11776.0,11101.0,60.92K,0.40%
2018-02-21,10455.0,11216.0,11239.0,10200.0,76.96K,-6.80%
2018-02-22,9830.0,10453.2,10912.0,9740.0,71.23K,-5.98%
2018-02-23,10145.0,9826.5,10395.0,9583.9,59.07K,3.20%
2018-02-26,10321.0,9583.0,10437.0,9359.9,45.94K,7.99%
2018-02-27,10569.0,10320.0,10880.0,10133.0,39.72K,2.40%
2018-02-28,10315.0,10583.0,11063.0,10270.0,43.89K,-2.40%
2018-03-01,10925.0,10316.0,11087.0,10224.0,33.87K,5.91%
2018-03-02,11025.0,10908.0,11189.0,10766.0,28.86K,0.92%
2018-03-05,11416.0,11497.0,11696.0,11390.0,27.56K,-0.74%
2018-03-06,10720.0,11403.0,11403.0,10578.0,44.24K,-6.10%
2018-03-07,9902.9,10779.0,10899.0,9422.1,75.22K,-7.62%
2018-03-08,9300.0,9910.7,10109.0,9037.0,67.75K,-6.09%
2018-03-09,9217.0,9301.9,9420.5,8351.0,98.20K,-0.89%
2018-03-12,9121.0,9528.0,9894.7,8776.8,67.58K,-4.27%
2018-03-13,9135.0,9130.2,9479.0,8827.7,61.54K,0.15%
2018-03-14,8186.6,9135.2,9400.1,7923.8,78.81K,-10.38%
2018-03-15,8252.9,8181.3,8416.7,7666.3,82.58K,0.81%
2018-03-16,8251.0,8250.1,8602.7,7903.2,56.34K,-0.02%
2018-03-19,8600.1,8209.0,8689.9,8100.0,73.28K,4.88%
2018-03-20,8899.7,8600.2,9025.0,8309.6,54.28K,3.48%
2018-03-21,8900.1,8899.8,9175.2,8755.7,42.86K,0.00%
2018-03-22,8706.4,8888.6,9088.0,8453.1,54.42K,-2.18%
2018-03-23,8908.0,8703.8,8910.0,8272.8,44.91K,2.32%
2018-03-26,8119.1,8445.0,8496.4,7839.1,56.38K,-3.86%
2018-03-27,7784.5,8128.0,8209.0,7727.0,50.41K,-4.12%
2018-03-28,7936.1,7784.5,8118.0,7725.0,35.08K,1.95%
2018-03-29,7094.0,7936.0,7963.9,6897.2,77.41K,-10.61%
2018-03-30,6840.4,7091.5,7267.3,6533.0,108.25K,-3.57%
2018-04-02,7052.7,6813.1,7121.4,6770.2,44.01K,3.56%
2018-04-03,7405.6,7073.8,7509.6,7020.0,49.86K,5.00%
2018-04-04,6785.9,7403.3,7422.0,6670.0,53.72K,-8.37%
2018-04-05,6765.0,6785.8,6911.0,6571.9,45.85K,-0.31%
2018-04-06,6610.2,6767.2,6851.5,6501.1,42.14K,-2.29%
2018-04-09,6764.6,7024.0,7187.4,6611.0,75.96K,-3.69%
2018-04-10,6839.3,6770.9,6890.6,6650.0,26.15K,1.10%
2018-04-11,6943.1,6839.3,6975.7,6795.0,29.54K,1.52%
2018-04-12,7912.0,6944.0,8083.7,6761.3,94.57K,13.95%
2018-04-13,7885.8,7915.2,8230.0,7746.0,59.91K,-0.33%
2018-04-16,8056.2,8354.8,8415.0,7900.3,37.56K,-3.57%
2018-04-17,7889.9,8056.1,8169.0,7823.3,28.23K,-2.06%
2018-04-18,8166.3,7888.8,8229.0,7874.7,29.54K,3.50%
2018-04-19,8272.8,8166.4,8296.8,8099.9,29.21K,1.30%
2018-04-20,8866.1,8272.8,8937.5,8219.0,50.90K,7.17%
2018-04-23,8940.0,8791.4,8940.0,8769.9,23.26K,1.59%
2018-04-24,9644.4,8940.2,9737.9,8929.9,60.35K,7.88%
2018-04-25,8878.4,9643.0,9761.5,8768.4,74.49K,-7.94%
2018-04-26,9279.3,8850.1,9308.0,8656.0,43.21K,4.52%
2018-04-27,8920.1,9269.7,9381.1,8902.8,30.15K,-3.87%
2018-04-30,9240.0,9400.0,9450.0,9110.7,23.26K,-1.69%
2018-05-01,9067.0,9240.7,9240.7,8829.1,25.59K,-1.87%
2018-05-02,9236.4,9069.1,9279.8,8979.6,20.18K,1.87%
2018-05-03,9762.1,9237.9,9838.0,9162.8,36.48K,5.69%
2018-05-04,9702.8,9759.0,9811.9,9557.0,24.54K,-0.61%
2018-05-07,9370.0,9659.0,9675.7,9200.0,25.78K,-2.99%
2018-05-08,9184.7,9356.4,9469.7,9052.3,25.86K,-1.98%
2018-05-09,9318.2,9180.7,9370.9,8980.1,22.81K,1.45%
2018-05-10,9018.7,9320.0,9390.0,9003.0,23.62K,-3.21%
2018-05-11,8412.4,9015.2,9015.2,8341.8,54.49K,-6.72%
2018-05-14,8670.8,8683.8,8882.4,8279.5,37.15K,-0.15%
2018-05-15,8467.5,8668.5,8838.0,8420.7,26.21K,-2.34%
2018-05-16,8336.1,8467.0,8488.7,8103.6,32.76K,-1.55%
2018-05-17,8051.8,8349.7,8466.9,7986.8,25.19K,-3.41%
2018-05-18,8239.0,8054.8,8276.6,7927.8,23.44K,2.32%
2018-05-21,8393.4,8523.7,8586.9,8317.7,17.22K,-1.53%
2018-05-22,7977.3,8399.6,8406.5,7947.2,20.53K,-4.96%
2018-05-23,7494.8,7978.0,8020.0,7442.1,41.68K,-6.05%
2018-05-24,7576.7,7503.3,7718.0,7260.9,38.86K,1.09%
2018-05-25,7458.0,7576.0,7654.1,7323.1,25.87K,-1.57%
2018-05-28,7097.9,7339.6,7434.8,7062.4,26.68K,-3.29%
2018-05-29,7460.0,7104.0,7527.9,7048.6,27.90K,5.10%
2018-05-30,7375.1,7465.3,7557.5,7279.6,22.08K,-1.14%
2018-05-31,7485.8,7375.1,7599.7,7338.0,19.46K,1.50%
2018-06-01,7521.0,7485.9,7599.8,7344.8,19.04K,0.47%
2018-06-04,7488.3,7718.0,7761.5,7457.5,18.13K,-2.98%
2018-06-05,7621.7,7487.9,7669.0,7372.9,16.84K,1.78%
2018-06-06,7654.0,7621.9,7698.0,7495.2,18.27K,0.42%
2018-06-07,7688.9,7653.9,7756.1,7645.8,11.04K,0.46%
2018-06-08,7615.1,7685.7,7697.0,7544.0,12.20K,-0.96%
2018-06-11,6873.3,6757.3,6897.0,6631.0,22.38K,1.72%
2018-06-12,6543.9,6873.2,6873.2,6441.0,32.01K,-4.79%
2018-06-13,6295.2,6543.1,6611.7,6125.7,45.58K,-3.80%
2018-06-14,6633.7,6295.1,6703.4,6269.5,33.06K,5.38%
2018-06-15,6385.0,6638.0,6655.5,6360.3,21.29K,-3.75%
2018-06-18,6709.2,6443.5,6826.8,6378.6,26.37K,4.25%
2018-06-19,6737.5,6711.6,6832.9,6666.2,17.38K,0.42%
2018-06-20,6760.4,6732.7,6818.2,6560.0,18.71K,0.34%
2018-06-21,6713.5,6760.0,6787.1,6680.1,10.65K,-0.69%
2018-06-22,6042.6,6715.2,6730.7,5929.1,55.25K,-9.99%
2018-06-25,6246.6,6146.1,6334.2,6082.1,27.91K,1.60%
2018-06-26,6078.5,6250.8,6273.7,6050.2,18.83K,-2.69%
2018-06-27,6133.1,6073.5,6181.4,5989.0,18.27K,0.90%
2018-06-28,5850.0,6133.1,6167.7,5829.9,17.94K,-4.62%
2018-06-29,6208.1,5848.1,6273.0,5782.9,33.93K,6.12%
2018-07-02,6581.3,6617.6,6672.4,6539.0,26.92K,3.65%
2018-07-03,6500.0,6617.6,6672.4,6470.5,17.26K,-1.24%
2018-07-04,6590.0,6509.0,6778.3,6418.7,22.49K,1.38%
2018-07-05,6540.2,6589.9,6697.7,6452.0,23.13K,-0.76%
2018-07-06,6602.1,6531.6,6636.9,6452.9,14.95K,0.95%
2018-07-09,6666.7,6705.9,6820.0,6617.1,16.30K,-0.60%
2018-07-10,6301.5,6666.9,6680.1,6269.3,28.02K,-5.48%
2018-07-11,6377.8,6299.0,6402.8,6287.7,16.41K,1.21%
2018-07-12,6249.0,6377.7,6377.7,6080.8,24.98K,-2.02%
2018-07-13,6220.0,6240.6,6335.1,6133.4,20.09K,-0.46%
2018-07-16,6729.2,6347.7,6750.0,6328.9,31.00K,6.02%
2018-07-17,7319.8,6734.3,7462.9,6667.4,48.12K,8.78%
2018-07-18,7379.4,7320.0,7586.5,7249.9,39.62K,0.81%
2018-07-19,7473.5,7379.8,7559.9,7282.9,22.19K,1.28%
2018-07-20,7333.1,7473.6,7681.0,7278.2,32.74K,-1.88%
2018-07-23,7719.8,7397.7,7800.7,7374.1,47.52K,4.31%
2018-07-24,8394.5,7719.8,8500.2,7692.3,64.68K,8.74%
2018-07-25,8176.0,8380.0,8485.7,8073.0,36.97K,-2.60%
2018-07-26,7939.0,8178.4,8313.1,7869.8,32.78K,-2.90%
2018-07-27,8185.7,7933.5,8280.3,7815.1,34.22K,3.11%
2018-07-30,8179.6,8218.5,8274.2,7862.9,37.58K,-0.50%
2018-07-31,7730.6,8179.5,8179.5,7670.0,43.55K,-5.49%
2018-08-01,7608.8,7731.3,7755.6,7444.2,30.74K,-1.58%
2018-08-02,7535.2,7606.0,7707.1,7463.1,17.75K,-0.97%
2018-08-03,7420.0,7533.2,7533.2,7283.6,30.88K,-1.53%
2018-08-06,6941.3,7025.8,7149.9,6847.0,18.12K,-1.20%
2018-08-07,6720.5,6940.1,7149.9,6678.8,32.25K,-3.18%
2018-08-08,6279.2,6718.8,6720.1,6131.0,53.88K,-6.57%
2018-08-09,6529.1,6280.7,6623.7,6188.2,33.38K,3.98%
2018-08-10,6146.8,6533.6,6573.6,6014.5,43.50K,-5.86%
2018-08-13,6251.9,6312.2,6541.8,6150.0,32.33K,-0.98%
2018-08-14,6189.0,6241.3,6244.0,5879.3,52.70K,-1.01%
2018-08-15,6270.1,6188.6,6623.8,6181.1,66.22K,1.31%
2018-08-16,6314.0,6270.2,6474.7,6215.2,25.14K,0.70%
2018-08-17,6583.3,6312.0,6588.7,6290.2,26.76K,4.27%
2018-08-20,6255.9,6485.1,6520.6,6230.2,31.72K,-3.53%
2018-08-21,6479.1,6255.2,6500.0,6245.0,29.50K,3.57%
2018-08-22,6354.9,6479.1,6885.0,6253.0,58.96K,-1.92%
2018-08-23,6527.2,6363.8,6565.6,6350.0,19.94K,2.71%
2018-08-24,6695.9,6530.5,6728.3,6462.7,20.20K,2.58%
2018-08-27,6909.5,6707.0,6911.6,6653.5,24.21K,3.00%
2018-08-28,7079.7,6910.5,7127.2,6872.0,30.07K,2.46%
2018-08-29,7045.7,7079.9,7133.6,6931.6,19.83K,-0.48%
2018-08-30,6994.7,7037.9,7060.0,6802.4,24.58K,-0.72%
2018-08-31,7025.9,6986.1,7084.0,6889.0,19.38K,0.45%
2018-09-03,7268.0,7304.7,7341.4,7200.1,22.31K,-0.31%
2018-09-04,7358.9,7267.8,7410.3,7246.2,20.82K,1.25%
2018-09-05,6710.5,7357.3,7400.0,6700.0,55.65K,-8.81%
2018-09-06,6515.6,6705.0,6720.8,6310.3,53.00K,-2.90%
2018-09-07,6404.1,6516.1,6532.9,6322.8,20.74K,-1.71%
2018-09-10,6308.0,6240.0,6363.5,6233.2,14.45K,1.09%
2018-09-11,6290.8,6332.1,6397.1,6178.1,16.61K,-0.27%
2018-09-12,6332.0,6290.9,6355.0,6203.1,16.08K,0.65%
2018-09-13,6475.6,6334.0,6523.4,6334.0,19.24K,2.27%
2018-09-14,6485.0,6495.0,6593.0,6355.6,16.37K,0.15%
2018-09-17,6254.2,6506.1,6532.8,6205.1,23.54K,-3.76%
2018-09-18,6342.8,6243.0,6384.0,6229.2,15.93K,1.42%
2018-09-19,6390.9,6330.8,6521.5,6112.7,29.90K,0.76%
2018-09-20,6500.5,6392.8,6535.0,6357.2,16.67K,1.71%
2018-09-21,6762.7,6522.1,6790.0,6496.0,36.99K,4.03%
2018-09-24,6585.0,6697.8,6721.7,6555.1,17.76K,-1.86%
2018-09-25,6434.7,6585.1,6585.1,6350.2,20.21K,-2.28%
2018-09-26,6462.4,6442.8,6552.7,6385.8,13.81K,0.43%
2018-09-27,6692.5,6462.4,6727.2,6440.7,18.37K,3.56%
2018-09-28,6635.1,6691.2,6825.0,6545.1,27.89K,-0.86%
2018-10-01,6601.9,6625.9,6659.6,6521.0,10.36K,-0.24%
2018-10-02,6533.3,6602.0,6638.4,6514.1,12.03K,-1.04%
2018-10-03,6503.2,6527.5,6552.5,6428.1,14.57K,-0.46%
2018-10-04,6580.1,6507.9,6640.0,6499.3,11.79K,1.18%
2018-10-05,6644.7,6594.3,6666.9,6548.0,12.43K,0.98%
2018-10-08,6673.2,6617.0,6718.4,6585.9,12.70K,1.09%
2018-10-09,6663.0,6679.7,6680.6,6608.5,8.02K,-0.15%
2018-10-10,6630.2,6659.7,6659.7,6529.7,13.82K,-0.49%
2018-10-11,6252.0,6628.0,6628.0,6223.8,41.61K,-5.70%
2018-10-12,6293.2,6249.0,6348.4,6223.0,10.40K,0.66%
2018-10-15,6742.0,6322.7,7704.2,6300.0,85.00K,6.42%
2018-10-16,6754.1,6739.0,6891.8,6679.0,15.66K,0.18%
2018-10-17,6737.1,6754.2,6792.7,6681.3,8.88K,-0.25%
2018-10-18,6613.0,6736.4,6778.2,6567.5,12.53K,-1.84%
2018-10-19,6527.3,6609.6,6630.2,6519.9,11.20K,-1.30%
2018-10-22,6567.2,6587.4,6627.6,6549.1,6.05K,-0.37%
2018-10-23,6550.0,6567.2,6584.3,6525.4,8.86K,-0.26%
2018-10-24,6554.1,6550.0,6623.0,6543.2,8.49K,0.06%
2018-10-25,6528.1,6554.0,6566.0,6500.1,8.71K,-0.40%
2018-10-26,6531.5,6533.4,6588.3,6514.3,7.45K,0.05%
2018-10-29,6344.0,6490.2,6505.0,6320.9,19.56K,-2.25%
2018-10-30,6330.1,6347.1,6380.0,6313.2,10.73K,-0.22%
2018-10-31,6368.4,6330.1,6406.4,6248.2,9.96K,0.60%
2018-11-01,6399.7,6374.8,6423.2,6353.5,9.12K,0.49%
2018-11-02,6426.9,6407.1,6454.8,6391.6,8.07K,0.43%
2018-11-05,6470.1,6495.2,6495.2,6439.4,4.81K,-0.23%
2018-11-06,6515.2,6475.0,6515.3,6447.8,7.25K,0.70%
2018-11-07,6572.7,6519.0,6607.1,6512.2,10.72K,0.88%
2018-11-08,6479.6,6573.0,6585.0,6477.0,11.58K,-1.42%
2018-11-09,6420.2,6479.5,6502.9,6392.6,10.45K,-0.92%
2018-11-12,6446.9,6481.0,6481.0,6418.8,7.30K,-0.05%
2018-11-13,6464.4,6447.0,6497.5,6403.5,10.12K,0.27%
2018-11-14,5884.6,6458.9,6485.0,5705.0,69.20K,-8.97%
2018-11-15,5753.4,5922.3,5929.2,5441.5,49.91K,-2.23%
2018-11-16,5660.5,5731.9,5756.8,5555.0,18.43K,-1.61%
2018-11-19,4938.1,5650.3,5650.3,4890.9,74.15K,-12.75%
2018-11-20,4600.1,4944.9,5048.0,4318.1,117.22K,-6.84%
2018-11-21,4666.6,4572.8,4773.4,4429.9,44.38K,1.45%
2018-11-22,4392.4,4672.1,4716.8,4388.5,27.95K,-5.88%
2018-11-23,4422.7,4370.8,4482.0,4251.0,36.09K,0.69%
2018-11-26,3858.0,4111.3,4196.4,3708.1,64.08K,-5.62%
2018-11-27,3884.4,3850.1,3941.6,3713.2,46.27K,0.68%
2018-11-28,4306.3,3902.3,4439.6,3889.9,65.26K,10.86%
2018-11-29,4312.9,4331.4,4472.0,4180.6,41.10K,0.15%
2018-11-30,4038.3,4323.3,4357.4,3966.2,42.38K,-6.37%
2018-12-03,3901.2,4172.9,4178.5,3836.2,36.86K,-6.21%
2018-12-04,3981.9,3903.8,4131.1,3793.1,33.69K,2.07%
2018-12-05,3765.3,3982.2,4000.1,3751.1,28.43K,-5.44%
2018-12-06,3531.3,3770.5,3908.0,3506.0,58.22K,-6.21%
2018-12-07,3460.0,3528.6,3624.8,3278.4,74.08K,-2.02%
2018-12-10,3524.9,3642.1,3697.9,3475.8,22.60K,-3.15%
2018-12-11,3435.3,3523.5,3549.6,3384.0,24.05K,-2.54%
2018-12-12,3535.6,3435.3,3611.2,3415.1,20.93K,2.92%
2018-12-13,3354.4,3535.6,3539.1,3322.2,22.24K,-5.13%
2018-12-14,3282.8,3354.4,3390.8,3226.4,28.56K,-2.13%
2018-12-17,3625.1,3299.9,3711.5,3285.5,35.72K,9.85%
2018-12-18,3780.1,3625.0,3780.9,3551.0,29.43K,4.28%
2018-12-19,3810.0,3780.1,4041.1,3758.0,55.26K,0.79%
2018-12-20,4214.5,3810.0,4275.7,3788.6,65.87K,10.62%
2018-12-21,3976.1,4214.6,4283.0,3913.3,43.52K,-5.66%
2018-12-24,4145.2,4071.7,4384.0,4069.0,38.00K,1.71%
2018-12-25,3909.7,4140.7,4152.1,3815.5,33.73K,-5.68%
2018-12-26,3929.8,3909.7,3990.0,3812.1,19.13K,0.51%
2018-12-27,3714.7,3930.0,3954.9,3688.0,23.61K,-5.47%
2018-12-28,4036.7,3712.0,4094.9,3696.3,26.92K,8.67%
2018-12-31,3830.5,3976.7,3986.9,3779.5,15.79K,-3.72%
2019-01-01,3963.0,3832.6,3981.9,3788.4,13.85K,3.46%
2019-01-02,4048.5,3963.1,4082.2,3920.1,19.43K,2.16%
2019-01-03,3923.2,4049.9,4055.1,3882.0,10.92K,-3.09%
2019-01-04,3954.9,3923.2,3985.8,3853.3,13.23K,0.81%
2019-01-07,4113.9,4170.9,4196.9,4078.5,11.32K,-1.38%
2019-01-08,4100.0,4113.9,4210.0,4056.2,18.72K,-0.34%
2019-01-09,4083.2,4100.0,4165.5,4036.0,20.63K,-0.41%
2019-01-10,3712.8,4083.3,4136.1,3687.2,35.02K,-9.07%
2019-01-11,3716.1,3712.8,3777.4,3666.6,13.13K,0.09%
2019-01-14,3749.3,3591.0,3798.7,3581.8,14.84K,4.41%
2019-01-15,3656.5,3749.3,3769.5,3625.1,13.32K,-2.48%
2019-01-16,3671.2,3657.0,3750.0,3642.9,13.23K,0.40%
2019-01-17,3723.0,3671.3,3725.0,3610.0,10.86K,1.41%
2019-01-18,3675.7,3722.5,3723.9,3652.4,5.65K,-1.27%
2019-01-21,3579.4,3588.6,3614.8,3550.0,10.81K,-0.19%
2019-01-22,3639.1,3579.4,3676.3,3488.3,18.08K,1.67%
2019-01-23,3619.9,3639.0,3677.0,3591.2,7.97K,-0.53%
2019-01-24,3652.6,3621.7,3670.0,3589.9,7.87K,0.90%
2019-01-25,3628.9,3653.0,3663.4,3582.1,7.38K,-0.65%
2019-01-28,3501.9,3597.1,3597.9,3450.3,17.02K,-2.65%
2019-01-29,3477.9,3501.1,3512.5,3427.2,10.47K,-0.68%
2019-01-30,3529.6,3478.0,3548.0,3451.5,12.58K,1.49%
2019-01-31,3501.1,3529.7,3565.7,3482.2,8.57K,-0.81%
2019-02-01,3536.2,3502.7,3557.2,3465.0,10.04K,1.00%
2019-02-04,3490.5,3504.2,3522.6,3475.3,5.21K,-0.32%
2019-02-05,3512.6,3490.4,3517.0,3475.9,4.59K,0.63%
2019-02-06,3452.0,3512.6,3521.0,3417.6,13.16K,-1.73%
2019-02-07,3436.1,3451.9,3462.3,3429.3,4.80K,-0.46%
2019-02-08,3724.0,3439.0,3799.6,3427.8,31.15K,8.38%
2019-02-11,3681.1,3749.7,3749.7,3672.0,7.80K,-1.74%
2019-02-12,3694.2,3681.0,3728.0,3645.3,11.34K,0.36%
2019-02-13,3666.1,3694.1,3735.4,3650.4,11.76K,-0.76%
2019-02-14,3656.7,3665.5,3681.1,3641.1,7.53K,-0.26%
2019-02-15,3670.0,3656.7,3716.3,3644.5,7.81K,0.36%
2019-02-18,3978.1,3734.5,4019.9,3723.9,37.62K,6.52%
2019-02-19,3989.9,3978.4,4081.4,3943.4,24.30K,0.30%
2019-02-20,4055.0,3989.9,4070.0,3969.2,15.25K,1.63%
2019-02-21,4008.8,4053.7,4122.0,3975.3,15.48K,-1.14%
2019-02-22,4058.3,4008.8,4074.0,3991.3,14.21K,1.23%
2019-02-25,3921.8,3825.0,3965.0,3825.0,10.41K,2.34%
2019-02-26,3896.8,3919.3,3934.1,3870.4,5.11K,-0.64%
2019-02-27,3902.7,3896.8,3934.0,3767.0,12.03K,0.15%
2019-02-28,3894.0,3900.1,3988.0,3875.0,12.10K,-0.22%
2019-03-01,3914.0,3894.0,3948.7,3893.0,4.76K,0.51%
2019-03-04,3800.0,3884.8,3908.1,3767.1,10.18K,-2.18%
2019-03-05,3951.6,3800.0,3966.9,3786.2,10.80K,3.99%
2019-03-06,3951.4,3951.6,3984.1,3912.4,6.59K,-0.01%
2019-03-07,3964.7,3951.5,3989.6,3935.7,7.64K,0.34%
2019-03-08,3940.5,3964.7,4020.9,3863.7,9.36K,-0.61%
2019-03-11,3949.0,4000.0,4009.2,3920.7,6.61K,-1.28%
2019-03-12,3954.1,3950.7,3979.5,3895.2,7.63K,0.13%
2019-03-13,3947.9,3954.9,3972.1,3925.1,5.51K,-0.16%
2019-03-14,3948.3,3946.2,4000.1,3882.8,8.30K,0.01%
2019-03-15,4003.1,3948.3,4011.0,3948.3,6.72K,1.39%
2019-03-18,4073.5,4069.0,4119.9,4035.6,3.68K,0.11%
2019-03-19,4104.7,4073.7,4118.0,4056.6,5.55K,0.77%
2019-03-20,4127.2,4104.6,4136.2,4073.9,7.82K,0.55%
2019-03-21,4044.8,4127.2,4138.7,4005.2,11.82K,-2.00%
2019-03-22,4045.3,4044.8,4064.6,4035.1,4.84K,0.01%
2019-03-25,3970.0,4041.4,4049.9,3939.1,6.70K,-1.77%
2019-03-26,3991.7,3970.0,3994.8,3951.0,5.09K,0.55%
2019-03-27,4102.5,3992.7,4109.6,3979.6,7.93K,2.78%
2019-03-28,4092.6,4102.7,4104.0,4066.4,6.22K,-0.24%
2019-03-29,4179.0,4092.6,4188.0,4084.7,8.65K,2.11%
2019-04-01,4196.8,4167.5,4220.8,4127.2,7.01K,0.70%
2019-04-02,4927.1,4196.9,5079.4,4189.7,54.14K,17.40%
2019-04-03,4978.0,4929.3,5330.1,4849.1,44.28K,1.03%
2019-04-04,4938.9,4976.9,5099.9,4834.0,15.42K,-0.79%
2019-04-05,5080.4,4939.3,5130.0,4930.1,11.36K,2.87%
2019-04-08,5312.5,5238.9,5361.7,5148.5,17.82K,1.42%
2019-04-09,5216.3,5312.4,5312.5,5173.5,11.90K,-1.81%
2019-04-10,5311.7,5213.0,5487.4,5200.5,15.78K,1.83%
2019-04-11,5065.8,5315.5,5340.0,5001.1,19.39K,-4.63%
2019-04-12,5114.0,5059.0,5134.9,4935.2,9.22K,0.95%
2019-04-15,5049.2,5190.1,5217.1,5000.7,9.52K,-2.79%
2019-04-16,5234.3,5042.8,5256.2,5030.0,8.38K,3.67%
2019-04-17,5254.5,5234.3,5291.1,5224.7,9.28K,0.39%
2019-04-18,5310.8,5254.5,5339.3,5254.0,9.04K,1.07%
2019-04-19,5314.0,5310.8,5371.1,5225.0,6.31K,0.06%
2019-04-22,5417.8,5320.3,5447.5,5276.5,11.95K,1.80%
2019-04-23,5550.9,5417.8,5645.0,5395.2,18.76K,2.46%
2019-04-24,5480.3,5547.1,5647.4,5415.0,16.53K,-1.27%
2019-04-25,5219.0,5479.6,5556.8,5065.2,21.49K,-4.77%
2019-04-26,5410.8,5215.6,5517.1,5174.1,21.53K,3.68%
2019-04-29,5480.1,5486.8,5515.2,5370.3,7.81K,-0.12%
2019-04-30,5599.5,5480.0,5612.0,5454.9,7.44K,2.18%
2019-05-01,5629.6,5599.6,5655.0,5585.5,5.53K,0.54%
2019-05-02,5723.8,5629.5,5779.8,5618.0,11.06K,1.67%
2019-05-03,6016.0,5729.6,6139.9,5716.5,19.48K,5.11%
2019-05-06,6027.9,6042.0,6100.3,5906.8,6.48K,-0.23%
2019-05-07,6087.9,6027.9,6290.0,6027.9,11.99K,1.00%
2019-05-08,6201.0,6096.6,6220.4,6024.1,8.20K,1.86%
2019-05-09,6258.4,6201.9,6309.0,6165.0,9.68K,0.93%
2019-05-10,6438.7,6262.0,6522.0,6212.6,14.49K,2.88%
2019-05-13,7753.2,6980.1,8049.9,6883.9,36.47K,11.08%
2019-05-14,7958.3,7753.2,8194.1,7684.1,29.32K,2.65%
2019-05-15,8132.9,7951.9,8208.9,7837.6,19.04K,2.19%
2019-05-16,7857.0,8135.5,8307.7,7750.1,22.29K,-3.39%
2019-05-17,7415.4,7857.5,7905.7,7067.4,29.02K,-5.62%
2019-05-20,7985.0,8188.3,8188.3,7601.0,16.90K,-2.50%
2019-05-21,7937.0,7990.5,8089.9,7819.7,7.69K,-0.60%
2019-05-22,7621.1,7933.6,8030.0,7507.9,10.78K,-3.98%
2019-05-23,7872.4,7619.9,7957.1,7496.3,10.55K,3.30%
2019-05-24,7994.9,7872.1,8158.6,7801.6,10.92K,1.56%
2019-05-27,8806.0,8730.0,8951.0,8661.0,17.56K,0.87%
2019-05-28,8740.9,8806.1,8843.7,8558.3,11.14K,-0.74%
2019-05-29,8680.9,8738.1,8794.9,8490.0,10.30K,-0.69%
2019-05-30,8269.9,8681.2,9100.0,8019.7,20.29K,-4.73%
2019-05-31,8533.3,8268.5,8550.0,8112.4,10.93K,3.18%
2019-06-03,8103.4,8740.1,8740.1,8050.1,18.66K,-7.28%
2019-06-04,7692.8,8088.0,8088.0,7524.5,28.12K,-5.07%
2019-06-05,7789.3,7692.8,7931.0,7603.0,10.83K,1.25%
2019-06-06,7805.6,7766.3,7870.6,7461.0,7.51K,0.21%
2019-06-07,7991.5,7816.9,8123.5,7769.1,13.44K,2.38%
2019-06-10,8013.7,7622.5,8046.3,7523.3,8.90K,4.90%
2019-06-11,7904.1,8018.8,8048.9,7711.3,6.53K,-1.37%
2019-06-12,8175.4,7903.1,8238.8,7822.3,9.14K,3.43%
2019-06-13,8227.4,8177.6,8333.0,8038.9,8.89K,0.64%
2019-06-14,8689.1,8230.0,8714.9,8163.3,12.71K,5.61%
2019-06-17,9356.0,8986.0,9489.9,8986.0,14.17K,4.12%
2019-06-18,9095.9,9351.0,9370.9,8945.4,10.59K,-2.78%
2019-06-19,9305.9,9094.9,9339.9,9062.0,5.77K,2.31%
2019-06-20,9557.1,9306.0,9620.8,9241.0,10.59K,2.70%
2019-06-21,10236.0,9557.8,10249.0,9557.8,22.23K,7.10%
2019-06-24,11053.0,10913.0,11135.0,10560.0,14.40K,1.26%
2019-06-25,11751.0,11070.0,11780.0,10992.4,21.85K,6.32%
2019-06-26,12876.0,11746.0,13764.0,11693.0,55.59K,9.57%
2019-06-27,11200.0,12876.0,13222.0,10397.0,47.61K,-13.02%
2019-06-28,12349.0,11183.0,12404.0,10812.0,31.98K,10.26%
2019-07-01,10639.0,10777.0,11221.0,10099.0,24.90K,-0.99%
2019-07-02,10866.0,10639.8,10961.0,9745.1,28.78K,2.13%
2019-07-03,11984.0,10903.0,12004.0,10903.0,28.09K,10.29%
2019-07-04,11169.0,12000.0,12063.5,11057.0,19.84K,-6.80%
2019-07-05,10998.0,11141.0,11440.0,10802.0,16.37K,-1.53%
2019-07-08,12301.0,11484.0,12382.0,11339.0,17.84K,7.10%
2019-07-09,12553.0,12301.5,12811.0,12173.0,19.16K,2.05%
2019-07-10,12093.0,12564.0,13173.0,11572.0,36.06K,-3.66%
2019-07-11,11340.0,12092.0,12092.0,11006.0,21.60K,-6.23%
2019-07-12,11765.0,11327.0,11900.0,11100.0,12.25K,3.75%
2019-07-15,10820.0,10193.0,11043.0,9920.6,21.44K,6.01%
2019-07-16,9410.0,10813.0,10991.0,9378.0,26.18K,-13.03%
2019-07-17,9683.2,9418.4,9963.1,9090.0,23.12K,2.90%
2019-07-18,10622.0,9691.2,10750.0,9271.6,28.83K,9.70%
2019-07-19,10519.0,10624.0,10759.0,10132.7,13.16K,-0.97%
2019-07-22,10329.0,10572.0,10667.0,10094.0,10.90K,-2.27%
2019-07-23,9854.9,10330.0,10330.0,9824.5,9.77K,-4.59%
2019-07-24,9771.0,9859.0,9917.7,9541.9,11.57K,-0.85%
2019-07-25,9890.1,9772.0,10180.0,9735.0,9.22K,1.22%
2019-07-26,9842.5,9888.0,9899.0,9672.0,5.12K,-0.48%
2019-07-29,9507.0,9530.0,9690.0,9396.6,5.70K,-0.13%
2019-07-30,9589.0,9503.5,9736.0,9401.6,5.19K,0.86%
2019-07-31,10088.0,9588.9,10099.0,9575.5,7.94K,5.20%
2019-08-01,10399.0,10096.0,10500.0,9899.9,7.78K,3.08%
2019-08-02,10519.0,10400.0,10648.3,10345.0,8.44K,1.15%
2019-08-05,11808.0,10974.0,11938.0,10973.0,16.13K,7.61%
2019-08-06,11471.2,11824.0,12307.0,11268.0,19.34K,-2.85%
2019-08-07,11997.0,11472.0,12122.0,11386.0,13.66K,4.58%
2019-08-08,12060.0,11999.0,12126.0,11570.0,10.97K,0.53%
2019-08-09,11893.0,12051.0,12092.7,11711.0,7.81K,-1.38%
2019-08-12,11404.0,11577.0,11578.8,11272.0,3.20K,-1.57%
2019-08-13,10904.0,11411.0,11468.0,10801.0,9.00K,-4.38%
2019-08-14,10067.0,10904.0,10909.0,9980.0,14.51K,-7.68%
2019-08-15,10327.0,10067.0,10470.0,9522.5,17.37K,2.58%
2019-08-16,10366.0,10324.0,10568.0,9783.4,12.89K,0.38%
2019-08-19,10937.0,10329.0,10960.0,10280.0,7.38K,5.91%
2019-08-20,10793.0,10947.0,10986.0,10588.0,5.83K,-1.32%
2019-08-21,10146.0,10795.0,10825.0,9880.0,11.79K,-5.99%
2019-08-22,10117.0,10147.0,10247.0,9790.0,6.53K,-0.29%
2019-08-23,10408.0,10117.0,10461.0,10063.0,6.39K,2.88%
2019-08-26,10377.0,10144.0,10654.0,10144.0,8.98K,2.42%
2019-08-27,10184.0,10376.2,10392.0,10036.9,4.52K,-1.86%
2019-08-28,9727.4,10190.0,10303.0,9585.3,10.41K,-4.48%
2019-08-29,9509.0,9727.3,9727.3,9360.4,7.08K,-2.25%
2019-08-30,9601.0,9509.4,9710.0,9384.3,3.75K,0.97%
2019-09-02,10388.0,9783.0,10473.0,9754.9,11.14K,6.23%
2019-09-03,10641.0,10401.0,10766.0,10300.0,10.74K,2.44%
2019-09-04,10590.0,10642.0,10841.2,10411.0,6.25K,-0.48%
2019-09-05,10578.7,10593.0,10663.0,10483.0,3.01K,-0.11%
2019-09-06,10317.0,10582.9,10933.0,10218.0,11.28K,-2.47%
2019-09-09,10318.0,10417.0,10542.0,10118.6,5.20K,-0.93%
2019-09-10,10122.0,10317.0,10399.0,9961.7,4.21K,-1.90%
2019-09-11,10175.0,10121.0,10297.0,9866.5,4.35K,0.52%
2019-09-12,10452.0,10174.2,10488.0,10065.1,4.40K,2.72%
2019-09-13,10374.0,10452.0,10475.0,10170.0,4.50K,-0.75%
2019-09-16,10295.0,10321.0,10399.0,10100.0,5.52K,-0.26%
2019-09-17,10214.1,10290.0,10308.0,10171.0,2.94K,-0.79%
2019-09-18,10185.0,10214.1,10278.0,10111.0,3.34K,-0.28%
2019-09-19,10301.0,10185.0,10417.0,9655.0,9.77K,1.14%
2019-09-20,10198.0,10303.0,10340.0,10105.0,2.51K,-1.00%
2019-09-23,9702.6,10055.0,10077.0,9627.5,5.49K,-3.48%
2019-09-24,8547.9,9702.6,9788.1,8110.1,34.87K,-11.90%
2019-09-25,8474.7,8535.0,8770.0,8266.1,12.77K,-0.86%
2019-09-26,8103.6,8475.3,8489.9,7800.1,15.42K,-4.38%
2019-09-27,8213.4,8105.9,8296.5,7906.3,7.47K,1.35%
2019-09-30,8331.1,8090.1,8384.0,7753.0,10.92K,2.98%
2019-10-01,8334.9,8331.1,8539.0,8228.0,5.84K,0.05%
2019-10-02,8413.4,8333.7,8419.9,8193.5,3.45K,0.94%
2019-10-03,8257.9,8414.9,8440.0,8100.7,3.72K,-1.85%
2019-10-04,8170.0,8260.5,8264.9,8040.0,3.05K,-1.06%
2019-10-07,8227.0,7886.2,8342.0,7794.9,8.15K,4.36%
2019-10-08,8211.2,8234.6,8362.0,8132.8,3.47K,-0.19%
2019-10-09,8607.5,8205.0,8717.9,8146.6,8.39K,4.83%
2019-10-10,8596.0,8610.4,8682.8,8472.0,4.32K,-0.13%
2019-10-11,8280.0,8596.0,8815.2,8253.0,6.08K,-3.68%
2019-10-14,8370.0,8304.9,8423.5,8230.1,2.54K,0.77%
2019-10-15,8191.1,8370.0,8433.7,8123.6,3.28K,-2.14%
2019-10-16,8016.0,8191.0,8203.2,7960.0,7.08K,-2.14%
2019-10-17,8092.3,8016.1,8144.9,7949.3,2.81K,0.95%
2019-10-18,7987.2,8092.4,8135.1,7860.0,5.30K,-1.30%
2019-10-21,8243.9,8260.7,8371.3,8181.8,3.41K,-0.20%
2019-10-22,8058.9,8242.2,8332.2,8037.1,3.85K,-2.24%
2019-10-23,7493.7,8053.7,8074.5,7341.5,12.98K,-7.01%
2019-10-24,7453.0,7493.6,7529.0,7372.0,5.80K,-0.54%
2019-10-25,8679.1,7453.0,8800.0,7426.0,17.10K,16.45%
2019-10-28,9225.7,9574.1,9948.0,9216.8,8.99K,-3.62%
2019-10-29,9445.5,9229.2,9558.3,9101.3,6.73K,2.38%
2019-10-30,9184.3,9445.5,9446.9,9035.0,5.05K,-2.77%
2019-10-31,9185.6,9184.4,9460.7,8984.8,5.67K,0.01%
2019-11-01,9289.1,9185.6,9332.1,9087.4,4.09K,1.13%
2019-11-04,9441.2,9223.0,9621.8,9152.0,7.47K,2.37%
2019-11-05,9333.9,9440.0,9504.1,9200.0,3.41K,-1.14%
2019-11-06,9353.0,9334.0,9475.0,9278.0,3.47K,0.20%
2019-11-07,9208.0,9355.0,9387.1,9086.5,3.75K,-1.55%
2019-11-08,8782.4,9209.2,9252.4,8688.1,7.86K,-4.62%
2019-11-11,8737.7,9069.7,9107.3,8633.4,4.24K,-3.65%
2019-11-12,8830.0,8737.7,8891.5,8602.1,3.50K,1.06%
2019-11-13,8801.1,8830.0,8849.3,8730.3,1.34K,-0.33%
2019-11-14,8655.7,8800.9,8817.4,8601.4,3.30K,-1.65%
2019-11-15,8495.8,8655.5,8798.1,8420.2,5.18K,-1.85%
2019-11-18,8219.5,8536.7,8536.8,8119.0,6.36K,-3.72%
2019-11-19,8164.9,8219.5,8241.9,8055.2,3.70K,-0.66%
2019-11-20,8126.4,8164.9,8255.0,8081.0,2.06K,-0.47%
2019-11-21,7671.1,8126.4,8155.9,7510.1,9.89K,-5.60%
2019-11-22,7323.0,7672.5,7763.3,6820.1,19.37K,-4.54%
2019-11-25,7168.0,6965.2,7413.6,6619.4,18.52K,2.91%
2019-11-26,7198.3,7162.8,7384.7,7061.2,5.20K,0.42%
2019-11-27,7549.3,7198.3,7689.0,6880.0,13.90K,4.88%
2019-11-28,7460.8,7547.3,7683.0,7415.0,4.34K,-1.17%
2019-11-29,7796.6,7460.7,7916.3,7450.0,7.28K,4.50%
2019-12-02,7350.3,7450.1,7467.3,7209.4,4.63K,-1.34%
2019-12-03,7336.0,7350.2,7453.5,7288.0,2.30K,-0.19%
2019-12-04,7238.2,7336.9,7887.7,7134.1,11.72K,-1.33%
2019-12-05,7440.0,7239.3,7522.8,7193.7,4.79K,2.79%
2019-12-06,7588.3,7439.9,7648.6,7350.1,5.71K,1.99%
2019-12-09,7379.5,7563.8,7701.1,7309.1,6.56K,-2.45%
2019-12-10,7254.6,7373.8,7433.0,7207.5,3.64K,-1.69%
2019-12-11,7230.7,7254.7,7296.2,7170.1,3.12K,-0.33%
2019-12-12,7224.0,7231.2,7325.6,7133.8,5.64K,-0.09%
2019-12-13,7283.2,7224.1,7331.9,7218.7,2.90K,0.82%
2019-12-16,6926.8,7152.7,7189.9,6900.0,13.42K,-3.16%
2019-12-17,6667.1,6926.6,6972.0,6624.3,12.66K,-3.75%
2019-12-18,7323.4,6667.1,7480.2,6479.4,13.75K,9.84%
2019-12-19,7181.8,7326.9,7412.5,7089.1,5.43K,-1.93%
2019-12-20,7212.9,7181.8,7249.0,7116.8,5.70K,0.43%
2019-12-23,7347.4,7538.9,7715.0,7283.1,7.08K,-2.45%
2019-12-24,7276.9,7346.2,7445.0,7182.9,4.25K,-0.96%
2019-12-25,7220.1,7270.0,7287.4,7144.8,3.36K,-0.78%
2019-12-26,7232.4,7220.1,7464.3,7189.0,4.72K,0.17%
2019-12-27,7287.0,7235.3,7300.0,7114.1,4.00K,0.75%
2019-12-30,7260.9,7413.0,7421.6,7217.7,4.09K,-2.12%
2019-12-31,7208.3,7261.0,7333.0,7161.3,2.99K,-0.72%
2020-01-01,7212.7,7208.2,7268.8,7185.4,2.07K,0.06%
2020-01-02,6989.4,7212.7,7225.2,6963.0,4.85K,-3.10%
2020-01-03,7367.5,6989.4,7437.6,6909.3,6.68K,5.41%
2020-01-06,7757.9,7364.7,7784.9,7358.0,8.54K,5.34%
2020-01-07,8150.0,7759.5,8200.1,7741.9,12.35K,5.05%
2020-01-08,8036.8,8158.2,8442.0,7882.8,11.76K,-1.39%
2020-01-09,7817.5,8036.8,8036.8,7756.2,4.67K,-2.73%
2020-01-10,8176.3,7817.4,8177.8,7678.5,7.86K,4.59%
2020-01-13,8094.5,8174.9,8198.3,8053.6,2.59K,-0.98%
2020-01-14,8775.6,8104.1,8829.0,8099.3,16.57K,8.41%
2020-01-15,8807.7,8760.8,8873.0,8560.2,8.78K,0.37%
2020-01-16,8720.6,8810.9,8839.9,8579.8,5.31K,-0.99%
2020-01-17,8875.4,8719.5,8994.9,8674.2,9.69K,1.78%
2020-01-20,8638.2,8698.6,8741.1,8519.6,4.11K,-0.64%
2020-01-21,8734.1,8638.2,8782.8,8512.2,3.25K,1.11%
2020-01-22,8663.9,8734.2,8799.9,8580.6,2.35K,-0.80%
2020-01-23,8403.5,8668.9,8669.3,8296.9,5.70K,-3.01%
2020-01-24,8447.1,8403.6,8521.8,8247.7,3.51K,0.52%
2020-01-27,8912.0,8622.0,9001.8,8585.2,6.28K,3.37%
2020-01-28,9393.7,8912.1,9413.0,8912.1,9.12K,5.41%
2020-01-29,9304.2,9390.9,9442.0,9244.4,4.60K,-0.95%
2020-01-30,9512.7,9305.1,9550.0,9175.7,9.02K,2.24%
2020-01-31,9367.4,9512.7,9519.9,9221.9,4.87K,-1.53%
2020-02-03,9309.3,9353.1,9625.3,9247.1,6.72K,-0.47%
2020-02-04,9197.4,9309.2,9359.8,9112.5,4.07K,-1.20%
2020-02-05,9612.0,9197.5,9731.2,9180.2,10.77K,4.51%
2020-02-06,9744.9,9612.0,9860.0,9547.0,8.58K,1.38%
2020-02-07,9805.2,9745.0,9859.6,9695.5,3.70K,0.62%
2020-02-10,9850.2,10151.5,10187.0,9737.8,8.52K,-2.96%
2020-02-11,10247.0,9851.2,10316.0,9720.0,8.45K,4.03%
2020-02-12,10339.0,10249.0,10458.0,10238.0,8.71K,0.90%
2020-02-13,10222.0,10338.0,10489.0,10080.0,8.98K,-1.13%
2020-02-14,10335.0,10222.0,10371.0,10101.0,4.13K,1.11%
2020-02-17,9708.0,9929.7,9963.8,9501.5,9.30K,-2.23%
2020-02-18,10183.0,9708.0,10275.0,9625.9,8.25K,4.89%
2020-02-19,9592.2,10184.0,10309.0,9350.3,13.94K,-5.80%
2020-02-20,9608.1,9586.2,9694.7,9362.4,6.50K,0.17%
2020-02-21,9693.5,9609.2,9757.4,9567.9,11.10K,0.89%
2020-02-24,9674.1,9983.8,10022.0,9484.3,6.59K,-3.11%
2020-02-25,9327.5,9674.0,9686.6,9251.4,8.49K,-3.58%
2020-02-26,8813.2,9324.8,9385.9,8652.7,14.59K,-5.51%
2020-02-27,8825.8,8813.2,8975.0,8555.0,8.39K,0.14%
2020-02-28,8728.0,8826.1,8908.3,8455.2,7.09K,-1.11%
2020-03-02,8938.1,8556.8,8990.8,8524.6,5.32K,4.35%
2020-03-03,8791.1,8938.5,8940.0,8700.0,5.32K,-1.64%
2020-03-04,8788.6,8791.1,8877.7,8718.4,4.17K,-0.03%
2020-03-05,9090.8,8795.3,9185.0,8795.3,5.72K,3.44%
2020-03-06,9180.6,9085.6,9199.7,9016.1,3.14K,0.99%
2020-03-09,7967.3,8073.8,8214.9,7700.0,22.56K,-1.32%
2020-03-10,7913.8,7965.5,8180.0,7779.0,10.17K,-0.67%
2020-03-11,7969.6,7917.9,8020.6,7635.1,10.98K,0.71%
2020-03-12,4927.0,7975.3,8001.7,4612.1,116.68K,-38.18%
2020-03-13,5625.4,4873.1,5965.3,4001.0,102.82K,14.17%
2020-03-16,5058.5,5381.9,5381.9,4468.0,41.78K,-6.03%
2020-03-17,5345.2,5068.3,5564.2,4964.4,19.60K,5.67%
2020-03-18,5416.2,5339.0,5452.7,5033.9,21.13K,1.33%
2020-03-19,6173.4,5417.1,6412.6,5266.4,31.25K,13.98%
2020-03-20,6205.8,6173.5,6897.0,5687.6,31.08K,0.52%
2020-03-23,6491.2,5820.1,6652.4,5682.7,19.55K,11.40%
2020-03-24,6762.0,6491.2,6838.5,6406.1,16.62K,4.17%
2020-03-25,6688.2,6762.0,6968.0,6449.9,13.79K,-1.09%
2020-03-26,6750.7,6688.2,6790.1,6536.9,6.73K,0.93%
2020-03-27,6370.0,6755.0,6856.0,6277.8,11.08K,-5.64%
2020-03-30,6407.6,5893.7,6627.1,5880.9,12.38K,8.74%
2020-03-31,6427.7,6409.1,6536.0,6350.0,5.75K,0.31%
2020-04-01,6675.0,6429.0,6714.6,6180.0,11.23K,3.85%
2020-04-02,6818.3,6685.7,7263.3,6591.3,20.08K,2.15%
2020-04-03,6740.8,6810.7,7048.1,6624.6,9.97K,-1.14%
2020-04-06,7346.0,6780.2,7350.1,6779.9,14.59K,8.38%
2020-04-07,7203.0,7340.2,7452.0,7088.0,11.99K,-1.95%
2020-04-08,7367.0,7203.0,7420.0,7155.8,8.18K,2.28%
2020-04-09,7293.5,7367.1,7370.7,7117.0,7.75K,-1.00%
2020-04-10,6875.5,7293.7,7305.8,6756.4,15.84K,-5.73%
2020-04-13,6848.7,6916.5,6916.5,6576.5,12.68K,-0.93%
2020-04-14,6872.4,6847.9,6984.9,6762.9,4.30K,0.35%
2020-04-15,6633.8,6874.0,6938.4,6621.3,6.01K,-3.47%
2020-04-16,7114.9,6629.1,7200.0,6500.4,17.75K,7.25%
2020-04-17,7045.8,7114.7,7158.9,7013.4,4.68K,-0.97%
2020-04-20,6841.9,7133.4,7235.0,6767.1,9.96K,-4.09%
2020-04-21,6850.0,6835.0,6955.6,6770.7,6.46K,0.12%
2020-04-22,7133.0,6849.9,7164.0,6826.2,5.15K,4.13%
2020-04-23,7495.2,7133.3,7744.9,7047.4,16.38K,5.08%
2020-04-24,7506.8,7499.0,7614.0,7428.3,8.80K,0.15%
2020-04-27,7777.7,7698.0,7777.7,7623.4,6.90K,1.05%
2020-04-28,7755.8,7777.6,7777.7,7658.6,5.62K,-0.28%
2020-04-29,8773.3,7750.7,8918.0,7706.1,30.21K,13.12%
2020-04-30,8635.3,8773.8,9438.8,8416.0,29.83K,-1.57%
2020-05-01,8822.9,8630.8,9069.9,8630.8,7.92K,2.17%
2020-05-04,8865.8,8901.6,8959.0,8535.0,9.32K,-0.38%
2020-05-05,9020.1,8871.2,9119.8,8770.9,7.71K,1.74%
2020-05-06,9157.9,9020.0,9415.1,8918.3,8.73K,1.53%
2020-05-07,9979.6,9150.4,10045.0,9050.0,19.87K,8.97%
2020-05-08,9792.8,9991.0,10025.0,9713.8,12.20K,-1.87%
2020-05-11,8555.0,8726.0,9135.8,8211.1,20.56K,-1.96%
2020-05-12,8811.4,8555.0,8967.0,8526.6,5.65K,3.00%
2020-05-13,9312.0,8811.4,9403.2,8799.5,9.89K,5.68%
2020-05-14,9791.0,9312.0,9937.8,9267.5,12.87K,5.14%
2020-05-15,9313.3,9791.0,9836.5,9133.6,11.34K,-4.88%
2020-05-18,9714.8,9668.2,9941.1,9462.4,9.20K,0.48%
2020-05-19,9770.1,9714.8,9877.5,9470.2,5.59K,0.57%
2020-05-20,9502.0,9770.1,9840.6,9305.1,9.60K,-2.74%
2020-05-21,9059.5,9502.0,9564.0,8821.4,11.34K,-4.66%
2020-05-22,9162.4,9059.5,9257.3,8935.5,3.83K,1.14%
2020-05-25,8902.0,8711.5,8960.8,8628.6,5.61K,2.19%
2020-05-26,8845.5,8902.0,9013.3,8705.0,3.94K,-0.63%
2020-05-27,9210.3,8845.5,9225.0,8822.8,5.46K,4.12%
2020-05-28,9589.3,9210.3,9629.6,9121.7,7.63K,4.11%
2020-05-29,9426.2,9589.3,9618.5,9352.3,3.88K,-1.70%
2020-06-01,10221.0,9452.1,10390.0,9421.8,13.43K,8.13%
2020-06-02,9530.0,10221.0,10242.0,9197.4,21.47K,-6.76%
2020-06-03,9672.0,9530.0,9684.0,9400.0,2.66K,1.49%
2020-06-04,9790.7,9672.0,9882.1,9477.0,4.28K,1.23%
2020-06-05,9620.5,9790.7,9861.8,9620.5,3.62K,-1.74%
2020-06-08,9783.2,9747.1,9800.0,9650.4,2.36K,0.38%
2020-06-09,9770.8,9784.4,9875.9,9582.1,3.40K,-0.13%
2020-06-10,9898.8,9771.9,10004.0,9699.3,4.46K,1.31%
2020-06-11,9272.2,9898.8,9972.8,9088.6,15.78K,-6.33%
2020-06-12,9468.3,9272.2,9544.0,9246.0,5.05K,2.11%
2020-06-15,9433.9,9344.8,9510.0,8914.9,10.16K,0.95%
2020-06-16,9534.4,9435.0,9589.9,9388.1,3.44K,1.07%
2020-06-17,9473.3,9534.4,9566.0,9261.3,3.14K,-0.64%
2020-06-18,9400.0,9473.3,9496.4,9287.2,1.66K,-0.77%
2020-06-19,9315.5,9400.0,9439.9,9241.8,2.62K,-0.90%
2020-06-22,9697.7,9298.1,9794.2,9285.2,5.88K,4.30%
2020-06-23,9635.1,9697.7,9724.0,9594.7,3.42K,-0.65%
2020-06-24,9312.1,9635.1,9684.1,9222.3,5.52K,-3.35%
2020-06-25,9257.0,9312.1,9344.0,9012.7,5.55K,-0.59%
2020-06-26,9173.1,9257.0,9299.0,9054.1,3.69K,-0.91%
2020-06-29,9194.4,9127.8,9242.1,9030.2,3.64K,0.73%
2020-06-30,9150.6,9194.4,9206.5,9077.1,1.83K,-0.48%
2020-07-01,9239.9,9150.6,9298.0,9109.5,2.19K,0.98%
2020-07-02,9100.0,9239.9,9266.1,8950.2,3.79K,-1.51%
2020-07-03,9073.9,9100.0,9135.5,9058.1,1.09K,-0.29%
2020-07-06,9361.0,9089.7,9361.0,9080.1,4.26K,2.99%
2020-07-07,9267.5,9361.0,9361.0,9255.1,1.63K,-1.00%
2020-07-08,9447.0,9267.5,9480.7,9267.5,3.81K,1.94%
2020-07-09,9248.9,9447.0,9447.0,9215.0,3.71K,-2.10%
2020-07-10,9305.7,9248.9,9305.7,9161.9,1.42K,0.61%
2020-07-13,9252.0,9315.8,9344.8,9238.1,1.93K,-0.68%
2020-07-14,9263.4,9252.0,9270.7,9194.8,2.20K,0.12%
2020-07-15,9210.1,9263.4,9263.4,9195.7,0.90K,-0.58%
2020-07-16,9149.9,9210.1,9215.7,9092.1,2.87K,-0.65%
2020-07-17,9167.3,9149.9,9172.0,9128.8,1.06K,0.19%
2020-07-20,9179.2,9231.2,9231.2,9169.7,1.40K,-0.56%
2020-07-21,9402.0,9179.2,9434.0,9179.2,5.40K,2.43%
2020-07-22,9557.7,9402.0,9557.7,9349.3,4.14K,1.66%
2020-07-23,9615.0,9557.7,9642.9,9494.6,4.70K,0.60%
2020-07-24,9559.4,9615.0,9615.0,9505.3,2.26K,-0.58%
2020-07-27,11044.0,9946.3,11249.1,9946.3,21.58K,11.02%
2020-07-28,10932.0,11044.0,11211.8,10761.0,9.88K,-1.01%
2020-07-29,11117.0,10932.0,11240.0,10929.2,8.82K,1.69%
2020-07-30,11123.0,11117.0,11180.0,10965.0,4.25K,0.05%
2020-07-31,11350.0,11123.0,11378.0,11038.0,5.83K,2.04%
2020-08-03,11226.5,11053.8,11389.0,11053.8,4.09K,1.56%
2020-08-04,11184.0,11226.5,11346.8,11096.0,3.26K,-0.38%
2020-08-05,11735.8,11184.0,11735.8,11182.0,5.79K,4.93%
2020-08-06,11759.0,11735.8,11858.0,11649.7,3.90K,0.20%
2020-08-07,11580.0,11759.0,11845.0,11509.0,5.09K,-1.52%
2020-08-10,11892.0,11675.7,12024.0,11675.7,6.57K,1.85%
2020-08-11,11379.8,11892.0,11912.0,11278.0,7.11K,-4.31%
2020-08-12,11591.0,11379.8,11591.0,11257.0,5.82K,1.86%
2020-08-13,11792.5,11589.0,11792.5,11388.0,5.78K,1.74%
2020-08-14,11761.0,11792.5,11824.0,11699.0,4.65K,-0.27%
2020-08-17,12300.0,11925.0,12415.0,11826.1,10.12K,3.14%
2020-08-18,11961.8,12300.0,12359.0,11927.2,7.18K,-2.75%
2020-08-19,11778.0,11961.8,12004.0,11694.6,6.29K,-1.54%
2020-08-20,11884.0,11778.0,11900.0,11719.0,2.73K,0.90%
2020-08-21,11531.0,11884.0,11889.0,11531.0,6.10K,-2.97%
2020-08-24,11768.0,11663.0,11817.9,11616.8,1.99K,0.90%
2020-08-25,11341.0,11768.0,11768.0,11200.0,6.16K,-3.63%
2020-08-26,11471.0,11341.0,11482.0,11316.0,2.48K,1.15%
2020-08-27,11343.0,11471.1,11471.1,11254.0,4.81K,-1.12%
2020-08-28,11545.0,11343.0,11545.0,11343.0,2.02K,1.78%
2020-08-31,11671.0,11729.9,11734.0,11639.1,2.24K,-0.50%
2020-09-01,11942.0,11671.0,12037.0,11616.0,5.02K,2.32%
2020-09-02,11408.0,11942.0,11942.0,11334.0,6.19K,-4.47%
2020-09-03,10170.0,11408.0,11408.0,10011.0,15.88K,-10.85%
2020-09-04,10484.7,10170.0,10593.0,10170.0,13.59K,3.09%
2020-09-07,10397.0,10276.0,10397.0,9964.1,6.30K,1.18%
2020-09-08,10149.8,10397.0,10397.0,10007.0,6.76K,-2.38%
2020-09-09,10240.0,10149.8,10324.0,10030.0,2.41K,0.89%
2020-09-10,10355.0,10240.0,10407.0,10240.0,3.55K,1.12%
2020-09-11,10405.0,10355.0,10405.0,10220.0,2.47K,0.48%
2020-09-14,10686.0,10331.0,10754.0,10331.0,3.68K,3.44%
2020-09-15,10797.0,10690.0,10899.9,10690.0,4.99K,1.04%
2020-09-16,10971.3,10797.0,11091.0,10690.9,4.80K,1.61%
2020-09-17,10959.0,10971.3,11040.4,10812.7,2.51K,-0.11%
2020-09-18,10957.2,10959.0,11022.0,10868.0,2.26K,-0.02%
2020-09-21,10434.0,10934.5,10980.9,10434.0,6.01K,-4.58%
2020-09-22,10549.0,10435.0,10589.0,10435.0,2.41K,1.10%
2020-09-23,10263.0,10549.0,10549.0,10255.0,3.09K,-2.71%
2020-09-24,10754.0,10263.0,10760.0,10263.0,3.20K,4.78%
2020-09-25,10708.0,10754.0,10765.0,10629.0,2.35K,-0.43%
2020-09-28,10712.0,10803.0,10941.0,10712.0,3.79K,-0.84%
2020-09-29,10856.0,10712.0,10856.0,10697.0,1.79K,1.34%
2020-09-30,10794.0,10856.0,10856.0,10715.0,1.50K,-0.57%
2020-10-01,10634.0,10795.0,10909.0,10523.0,5.68K,-1.48%
2020-10-02,10586.0,10634.0,10634.0,10476.0,3.74K,-0.45%
2020-10-05,10807.0,10687.0,10807.0,10669.0,1.78K,1.12%
2020-10-06,10613.7,10807.0,10807.0,10592.0,3.22K,-1.79%
2020-10-07,10687.0,10613.7,10687.0,10584.1,1.67K,0.69%
2020-10-08,10943.0,10687.0,10943.0,10577.0,3.64K,2.40%
2020-10-09,11071.0,10943.0,11102.4,10878.0,2.57K,1.17%
2020-10-12,11560.0,11385.0,11698.9,11284.0,6.37K,1.54%
2020-10-13,11442.0,11560.0,11560.0,11392.5,3.91K,-1.02%
2020-10-14,11440.0,11442.0,11547.0,11347.0,2.69K,-0.02%
2020-10-15,11509.0,11440.0,11513.0,11335.0,4.26K,0.60%
2020-10-16,11325.0,11509.0,11540.0,11268.2,3.46K,-1.60%
2020-10-19,11757.0,11518.0,11764.0,11451.0,3.77K,2.08%
2020-10-20,11925.0,11757.0,11980.0,11723.0,5.42K,1.43%
2020-10-21,12825.0,11925.0,13099.0,11925.0,15.40K,7.55%
2020-10-22,12988.0,12810.9,13128.0,12738.3,6.09K,1.27%
2020-10-23,12935.0,12988.0,12999.0,12757.0,2.90K,-0.41%
2020-10-26,13061.0,13037.0,13205.0,12863.0,3.68K,0.18%
2020-10-27,13626.3,13061.0,13703.5,13061.0,8.98K,4.33%
2020-10-28,13272.0,13626.3,13763.0,13041.2,7.11K,-2.60%
2020-10-29,13451.0,13272.0,13555.1,13153.0,4.07K,1.35%
2020-10-30,13568.0,13451.0,13642.2,13250.0,4.66K,0.87%
2020-11-02,13563.0,13756.0,13828.5,13414.0,6.59K,-1.40%
2020-11-03,14025.0,13562.0,14025.0,13401.0,5.81K,3.41%
2020-11-04,14160.0,14025.0,14160.0,13643.0,10.10K,0.96%
2020-11-05,15574.0,14160.0,15574.0,14160.0,15.90K,9.99%
2020-11-06,15571.7,15568.0,15876.0,15441.0,12.10K,-0.01%
2020-11-09,15329.0,15501.0,15687.0,15063.7,8.95K,-1.11%
2020-11-10,15312.0,15329.0,15402.0,15177.0,3.74K,-0.11%
2020-11-11,15710.0,15312.0,15911.6,15312.0,6.94K,2.60%
2020-11-12,16294.0,15710.0,16294.0,15656.0,12.30K,3.72%
2020-11-13,16310.0,16296.2,16405.0,16079.0,7.70K,0.10%
2020-11-16,16710.0,15962.2,16827.6,15906.0,6.52K,4.68%
2020-11-17,17674.9,16710.0,17740.0,16627.0,12.21K,5.77%
2020-11-18,17773.0,17674.9,18212.0,17378.6,17.52K,0.56%
2020-11-19,17810.0,17773.0,18140.0,17486.0,5.57K,0.21%
2020-11-20,18669.0,17810.0,18699.7,17810.0,7.97K,4.82%
2020-11-23,18373.0,18399.0,18655.0,18158.0,8.76K,-0.14%
2020-11-24,19134.8,18373.0,19349.0,18357.0,14.94K,4.15%
2020-11-25,18730.0,19134.8,19303.0,18730.0,13.48K,-2.12%
2020-11-26,17219.0,18727.0,18824.0,16592.0,34.34K,-8.07%
2020-11-27,17169.3,17211.7,17492.0,16614.9,11.21K,-0.29%
2020-11-30,19686.0,18196.0,19723.0,18196.0,14.95K,8.19%
2020-12-01,18807.0,19695.0,19733.0,18727.0,21.94K,-4.47%
2020-12-02,19241.0,18807.0,19275.0,18538.0,7.63K,2.31%
2020-12-03,19447.0,19241.0,19560.0,18999.4,5.25K,1.07%
2020-12-04,18657.0,19452.0,19452.0,18657.0,8.65K,-4.06%
2020-12-07,19196.0,19410.0,19410.0,18959.4,2.29K,-1.10%
2020-12-08,18335.0,19196.0,19299.0,18335.0,9.62K,-4.49%
2020-12-09,18560.0,18337.0,18630.0,17827.0,9.77K,1.23%
2020-12-10,18260.0,18560.0,18560.0,18155.0,3.66K,-1.62%
2020-12-11,18050.0,18260.0,18260.0,17764.0,6.57K,-1.15%
2020-12-14,19281.0,19180.0,19281.0,19076.0,2.53K,0.53%
2020-12-15,19459.0,19282.0,19548.0,19135.0,6.93K,0.92%
2020-12-16,21322.0,19459.0,21322.0,19388.0,21.07K,9.57%
2020-12-17,22806.6,21322.0,23492.0,21322.0,22.87K,6.96%
2020-12-18,23127.0,22806.6,23142.0,22544.0,7.28K,1.41%
2020-12-21,22701.0,23432.7,23901.0,22483.0,14.18K,-3.10%
2020-12-22,23805.0,22701.0,23805.0,22489.7,7.41K,4.86%
2020-12-23,23234.0,23805.0,23916.0,22917.0,12.07K,-2.40%
2020-12-24,23735.0,23234.0,23735.0,22860.0,4.75K,2.16%
2020-12-25,24717.0,23743.0,24717.0,23491.0,13.78K,4.14%
2020-12-28,27058.0,26241.0,27308.0,26241.0,7.60K,3.11%
2020-12-29,27315.0,27058.0,27315.0,25923.0,8.92K,0.95%
2020-12-30,28880.0,27316.0,28892.0,27316.0,10.51K,5.73%
2020-12-31,28933.0,28880.0,29133.0,28358.0,12.22K,0.18%
2021-01-01,29346.0,28933.0,29498.0,28932.0,8.33K,1.43%
2021-01-04,32020.0,32971.0,33403.0,29178.0,24.68K,-2.88%
2021-01-05,33996.0,32020.0,33996.0,30979.1,14.48K,6.17%
2021-01-06,36755.0,33986.0,36755.0,33901.0,18.62K,8.12%
2021-01-07,39407.0,36755.0,39672.0,36755.0,22.11K,7.22%
2021-01-08,40509.0,39407.0,41616.0,37723.0,21.79K,2.80%
2021-01-11,35476.0,38226.0,38226.0,31842.0,48.04K,-7.19%
2021-01-12,34103.0,35448.0,35838.6,33616.0,22.18K,-3.87%
2021-01-13,37375.0,34106.0,37418.0,33160.0,14.89K,9.59%
2021-01-14,39170.0,37374.0,39750.0,37193.0,12.97K,4.80%
2021-01-15,36741.0,39145.0,39476.0,35268.0,15.55K,-6.20%
2021-01-18,36699.0,35913.0,36906.0,35180.0,8.41K,2.22%
2021-01-19,35958.0,36699.0,37673.0,35958.0,9.61K,-2.02%
2021-01-20,35521.1,35915.0,36263.0,33447.0,14.14K,-1.22%
2021-01-21,30873.0,35522.0,35522.0,30609.0,22.35K,-13.09%
2021-01-22,33062.0,30852.0,33631.0,28991.0,15.72K,7.09%
2021-01-25,32268.1,32298.0,34693.0,32268.1,9.23K,-0.09%
2021-01-26,32519.0,32268.1,32735.1,31434.0,8.54K,0.78%
2021-01-27,30454.0,32519.0,32519.0,29815.0,14.77K,-6.35%
2021-01-28,33331.0,30454.0,33418.0,30344.0,9.17K,9.45%
2021-01-29,34280.7,33350.0,38056.0,32466.0,28.64K,2.85%
2021-02-01,33559.0,33141.0,34460.1,32595.0,5.30K,1.26%
2021-02-02,35563.0,33559.0,35960.0,33559.0,7.01K,5.97%
2021-02-03,37677.0,35563.0,37677.0,35563.0,8.80K,5.94%
2021-02-04,36975.0,37677.0,37998.0,36521.0,6.42K,-1.86%
2021-02-05,38260.0,36975.0,38260.0,36759.0,4.48K,3.48%
2021-02-08,46440.0,38841.0,46440.0,38250.0,24.79K,19.56%
2021-02-09,46486.0,46440.0,48004.0,45882.0,15.90K,0.10%
2021-02-10,44835.0,46486.0,47056.0,44541.0,10.02K,-3.55%
2021-02-11,47966.0,44835.0,47981.0,44444.0,10.30K,6.98%
2021-02-12,47389.0,47966.0,48540.0,47072.0,10.79K,-1.20%
2021-02-15,47941.0,48587.0,48694.0,46563.0,9.88K,-1.33%
2021-02-16,49225.0,47941.0,49533.5,47643.0,13.04K,2.68%
2021-02-17,52060.0,49225.0,52284.0,49225.0,9.21K,5.76%
2021-02-18,51566.0,52060.0,52433.0,51356.9,5.87K,-0.95%
2021-02-19,55847.0,51566.0,56093.0,51079.0,11.80K,8.30%
2021-02-22,54078.0,57376.0,57376.0,48383.0,27.31K,-5.75%
2021-02-23,48888.0,54078.0,54078.0,45343.5,32.59K,-9.60%
2021-02-24,49715.0,48888.0,51043.0,47179.0,12.00K,1.69%
2021-02-25,47144.0,49715.0,51511.0,47144.0,9.55K,-5.17%
2021-02-26,46319.0,47144.0,48250.0,45320.0,22.33K,-1.75%
2021-03-01,49572.0,45300.0,49572.0,45300.0,9.42K,9.43%
2021-03-02,48526.0,49572.0,49572.0,47453.6,8.37K,-2.11%
2021-03-03,50425.0,48526.0,52018.0,48526.0,8.60K,3.91%
2021-03-04,48368.0,50425.0,51556.0,48059.0,9.56K,-4.08%
2021-03-05,48811.0,48368.0,49277.0,46662.0,9.42K,0.92%
2021-03-08,52395.0,51031.2,52395.0,49821.0,6.15K,2.67%
2021-03-09,54949.4,52395.0,54949.4,52395.0,8.20K,4.88%
2021-03-10,55955.2,54950.0,57033.0,53698.7,10.68K,1.83%
2021-03-11,57869.0,55939.0,57921.0,54834.0,8.66K,3.42%
2021-03-12,57315.0,57869.0,57869.0,55946.0,9.56K,-0.96%
2021-03-15,55644.0,59005.0,60141.1,55644.0,14.78K,-5.70%
2021-03-16,56924.0,55644.0,56924.0,54049.0,10.49K,2.30%
2021-03-17,58870.0,56924.0,58870.0,54576.0,11.27K,3.42%
2021-03-18,57640.0,58870.0,59799.0,57580.0,7.24K,-2.09%
2021-03-19,58074.0,57640.0,58961.0,57030.0,6.48K,0.75%
2021-03-22,54074.0,57368.0,58036.0,54074.0,8.72K,-5.74%
2021-03-23,54331.0,54074.0,55646.9,53541.2,6.57K,0.48%
2021-03-24,52347.2,54331.0,56919.0,52347.2,14.08K,-3.65%
2021-03-25,51363.0,52347.2,52926.0,50874.0,11.59K,-1.88%
2021-03-26,54992.9,51363.0,54992.9,51363.0,7.71K,7.07%
2021-03-29,57672.3,55773.0,58162.0,54984.0,10.12K,3.41%
2021-03-30,58841.0,57672.3,59349.0,57278.0,7.87K,2.03%
2021-03-31,58796.0,58841.0,59453.0,57698.0,8.12K,-0.08%
2021-04-01,58727.4,58796.0,59172.9,58498.0,4.35K,-0.12%
2021-04-02,58959.0,58727.4,59834.0,58727.4,6.15K,0.39%
2021-04-05,59145.0,58240.0,59145.0,57034.0,5.59K,1.55%
2021-04-06,57991.0,59145.0,59200.0,57603.0,5.62K,-1.95%
2021-04-07,55960.0,57991.0,58490.0,55960.0,8.85K,-3.50%
2021-04-08,58110.0,55960.0,58110.0,55960.0,4.48K,3.84%
2021-04-09,58114.0,58110.0,58683.0,57849.0,3.75K,0.01%
2021-04-12,59900.0,60034.8,60701.0,59747.0,5.50K,-0.22%
2021-04-13,63518.0,59900.0,63518.0,59900.0,11.26K,6.04%
2021-04-14,62942.7,63518.0,64374.0,62065.0,10.93K,-0.91%
2021-04-15,63196.0,62907.0,63475.0,62348.0,6.61K,0.40%
2021-04-16,61325.0,63196.0,63453.0,60286.0,11.54K,-2.96%
2021-04-19,55639.0,56173.0,57359.0,54912.8,8.57K,-0.93%
2021-04-20,56476.0,55639.0,56950.0,54398.0,8.39K,1.50%
2021-04-21,53822.0,56476.0,56476.0,53822.0,7.10K,-4.70%
2021-04-22,51781.3,53822.0,55067.0,51781.3,12.69K,-3.79%
2021-04-23,51139.0,51781.3,51781.3,48719.6,17.25K,-1.24%
2021-04-26,54103.0,49129.0,54214.0,49129.0,11.01K,10.15%
2021-04-27,55044.0,54103.0,55215.0,53660.0,7.24K,1.74%
2021-04-28,54860.0,55044.0,55575.0,54090.0,5.76K,-0.33%
2021-04-29,53566.0,54860.0,54860.0,52631.0,7.08K,-2.36%
2021-04-30,57637.0,53566.0,57637.0,53339.0,7.86K,7.60%
2021-05-03,57147.0,56605.0,58686.0,56605.0,7.63K,0.96%
2021-05-04,53264.0,57147.0,57147.0,53264.0,10.03K,-6.79%
2021-05-05,57477.0,52960.0,57477.0,52960.0,7.66K,7.91%
2021-05-06,56451.0,57487.0,57843.0,55897.0,10.44K,-1.79%
2021-05-07,57349.0,56451.0,58101.0,55606.0,6.93K,1.59%
2021-05-10,55851.0,58276.0,59454.3,55448.0,13.49K,-4.16%
2021-05-11,56715.0,55851.0,56724.0,54789.0,7.69K,1.55%
2021-05-12,49725.0,56715.0,57688.0,49725.0,14.96K,-12.32%
2021-05-13,49747.0,49725.0,51154.0,48120.6,21.16K,0.04%
2021-05-14,49917.0,49747.0,51168.0,49289.0,6.05K,0.34%
2021-05-17,43544.0,46569.0,46569.0,42304.0,37.72K,-6.52%
2021-05-18,42935.0,43544.0,45474.0,42611.8,10.72K,-1.40%
2021-05-19,36755.0,42935.0,42935.0,35303.4,67.82K,-14.39%
2021-05-20,40578.0,36755.0,41827.0,35198.4,25.60K,10.40%
2021-05-21,37415.0,40550.1,41500.0,35188.0,23.31K,-7.79%
2021-05-24,38772.9,34730.3,39201.0,34730.3,15.13K,11.64%
2021-05-25,38363.0,38772.9,39761.0,36760.5,7.77K,-1.06%
2021-05-26,39301.0,38363.0,40497.8,38020.2,8.61K,2.45%
2021-05-27,38435.0,39301.0,40120.0,37381.0,5.55K,-2.20%
2021-05-28,35667.0,38484.7,38484.7,35028.0,10.22K,-7.20%
2021-05-31,37305.0,35615.0,37305.0,34527.0,5.98K,4.75%
2021-06-01,36672.6,37305.0,37624.8,35928.0,5.29K,-1.70%
2021-06-02,37590.0,36672.6,38053.0,36192.3,3.97K,2.50%
2021-06-03,39209.0,37590.0,39209.0,37371.0,5.75K,4.31%
2021-06-04,36854.0,39209.0,39209.0,36532.0,5.93K,-6.01%
2021-06-07,33596.0,35782.0,36613.3,33596.0,9.97K,-6.11%
2021-06-08,33415.0,33596.0,33744.8,31547.6,12.92K,-0.54%
2021-06-09,37347.0,33415.0,37490.0,32673.0,26.97K,11.77%
2021-06-10,36649.2,37347.0,37933.0,36559.0,9.57K,-1.87%
2021-06-11,37338.0,36649.2,37427.0,36342.0,6.42K,1.88%
2021-06-14,40500.0,39004.0,40732.0,38812.0,9.73K,3.84%
2021-06-15,40139.0,40509.0,40708.8,39726.0,7.78K,-0.89%
2021-06-16,38332.0,40139.0,40394.0,38332.0,6.79K,-4.50%
2021-06-17,38061.0,38332.0,39324.0,37733.7,3.54K,-0.71%
2021-06-18,35802.0,38061.0,38061.0,35490.0,11.42K,-5.94%
2021-06-21,31761.0,35631.0,35631.0,31475.0,23.45K,-10.86%
2021-06-22,32553.0,31761.0,33300.0,29927.0,26.87K,2.49%
2021-06-23,33703.0,32553.0,34196.0,32553.0,9.14K,3.53%
2021-06-24,34656.6,33703.0,35137.2,32530.0,4.86K,2.83%
2021-06-25,31584.0,34656.6,34915.0,31584.0,37.67K,-8.87%
2021-06-28,34484.0,34717.0,35168.0,34152.0,6.18K,-0.67%
2021-06-29,35895.9,34484.0,36411.0,34316.7,5.51K,4.09%
2021-06-30,35043.5,35895.9,35981.0,34754.0,3.45K,-2.37%
2021-07-01,33554.4,35043.5,35043.5,32821.0,5.82K,-4.25%
2021-07-02,33816.0,33554.4,33924.0,32727.0,5.15K,0.78%
2021-07-05,33668.0,35289.0,35289.0,33479.2,7.72K,-4.59%
2021-07-06,34140.0,33668.0,34858.8,33668.0,8.81K,1.40%
2021-07-07,33886.0,34256.0,35076.0,33826.0,3.51K,-0.74%
2021-07-08,32873.9,33886.0,33939.0,32063.0,14.29K,-2.99%
2021-07-09,33769.0,32873.9,34044.0,32574.0,6.66K,2.72%
2021-07-12,33090.0,34239.0,34624.0,32616.0,8.41K,-3.36%
2021-07-13,32727.0,33090.0,33333.0,32210.0,4.02K,-1.10%
2021-07-14,32822.6,32727.0,33117.0,31596.0,5.19K,0.29%
2021-07-15,31857.0,32822.6,33194.0,31170.0,6.96K,-2.94%
2021-07-16,31429.0,31875.0,32266.0,31055.0,5.38K,-1.34%
2021-07-19,30847.0,31824.0,31924.0,30514.0,12.80K,-3.07%
2021-07-20,29806.1,30847.0,31075.0,29341.0,8.88K,-3.37%
2021-07-21,32141.0,29806.1,32804.0,29545.0,8.25K,7.83%
2021-07-22,32320.0,32141.0,32609.7,31747.0,5.23K,0.56%
2021-07-23,33597.1,32320.0,33625.3,32020.0,3.97K,3.95%
2021-07-26,37296.0,35422.0,40515.6,35276.0,16.31K,5.34%
2021-07-27,39563.0,37296.0,39563.0,36436.0,6.04K,6.08%
2021-07-28,40004.0,39563.0,40899.0,38822.0,7.98K,1.11%
2021-07-29,40041.0,40004.0,40623.0,39282.0,4.07K,0.09%
2021-07-30,42169.0,40034.4,42244.0,38373.0,7.77K,5.31%
2021-08-02,39156.0,39922.0,40441.0,38716.0,4.62K,-1.92%
2021-08-03,38207.0,39156.0,39774.0,37700.0,5.08K,-2.42%
2021-08-04,39754.0,38219.0,39965.0,37564.0,3.67K,4.05%
2021-08-05,40887.0,39741.0,41352.0,37361.0,6.43K,2.85%
2021-08-06,42830.0,40887.0,43294.0,39933.0,6.46K,4.75%
2021-08-09,46293.0,43770.0,46432.2,42792.0,10.72K,5.76%
2021-08-10,45612.0,46291.0,46674.0,44644.0,6.37K,-1.47%
2021-08-11,45546.0,45612.0,46725.0,45358.0,4.32K,-0.14%
2021-08-12,44423.0,45546.0,46185.0,43789.0,5.64K,-2.47%
2021-08-13,47842.0,44423.0,47866.0,44276.0,7.39K,7.70%
2021-08-16,45940.0,47031.0,48059.0,45689.0,6.06K,-2.32%
2021-08-17,44698.0,45940.0,47157.0,44467.0,6.93K,-2.70%
2021-08-18,44744.0,44698.0,46007.8,44290.0,5.82K,0.10%
2021-08-19,46765.0,44744.0,47060.0,43992.0,5.97K,4.52%
2021-08-20,49332.0,46765.0,49362.0,46660.0,6.04K,5.49%
2021-08-23,49539.0,49264.0,50506.3,49055.0,5.42K,0.56%
2021-08-24,47714.0,49539.0,49857.0,47604.0,4.77K,-3.68%
2021-08-25,48989.0,47714.0,49244.0,47158.0,4.12K,2.67%
2021-08-26,46832.0,48989.0,49385.0,46370.7,6.48K,-4.40%
2021-08-27,49076.1,46832.0,49159.0,46364.9,5.80K,4.79%
2021-08-30,47008.0,48800.0,48915.7,46904.0,4.12K,-3.67%
2021-08-31,47157.0,47008.0,48241.0,46725.0,4.30K,0.32%
2021-09-01,48844.0,47157.0,49102.0,46600.0,5.71K,3.58%
2021-09-02,49291.0,48844.0,50365.0,48633.0,4.95K,0.92%
2021-09-03,50000.0,49291.0,51032.0,48362.0,7.33K,1.44%
2021-09-06,52676.0,51762.0,52709.0,51062.0,4.84K,1.77%
2021-09-07,46778.0,52676.0,52888.0,43347.0,16.70K,-11.20%
2021-09-08,46088.0,46778.0,47342.4,44509.9,7.55K,-1.48%
2021-09-09,46389.0,46088.0,47397.0,45591.0,3.85K,0.65%
2021-09-10,44852.0,46389.0,47036.0,44265.1,5.18K,-3.31%
2021-09-13,44960.0,46069.0,46823.0,43514.0,8.77K,-2.41%
2021-09-14,47078.0,44960.0,47235.0,44726.0,3.52K,4.71%
2021-09-15,48136.0,47078.0,48440.0,46738.0,3.98K,2.25%
2021-09-16,47786.0,48136.0,48518.0,47080.0,3.61K,-0.73%
2021-09-17,47292.0,47786.0,48183.0,46782.0,2.49K,-1.03%
2021-09-20,43002.0,47239.0,47323.0,42577.0,12.63K,-8.97%
2021-09-21,40664.0,43002.0,43622.3,39678.0,14.96K,-5.44%
2021-09-22,43582.6,40632.5,43998.0,40607.0,8.43K,7.18%
2021-09-23,44882.0,43582.6,44986.0,43121.0,5.29K,2.98%
2021-09-24,42878.0,44882.0,45140.0,40779.0,11.76K,-4.47%
2021-09-27,42191.0,43220.5,44354.0,42144.0,4.26K,-2.29%
2021-09-28,41064.0,42191.0,42777.0,40928.0,6.16K,-2.67%
2021-09-29,41551.0,41064.0,42591.0,40811.0,4.39K,1.19%
2021-09-30,43830.0,41551.0,44107.0,41432.0,5.11K,5.48%
2021-10-01,48157.0,43830.0,48454.0,43311.0,8.32K,9.87%
2021-10-04,49252.0,48243.0,49503.0,46951.0,6.19K,2.09%
2021-10-05,51508.0,49232.0,51891.1,49065.0,6.68K,4.58%
2021-10-06,55331.0,51508.0,55724.0,50448.0,10.52K,7.42%
2021-10-07,53793.0,55331.0,55339.0,53444.0,4.95K,-2.78%
2021-10-08,53925.0,53793.0,56000.0,53649.0,5.48K,0.25%
2021-10-11,57468.0,54701.0,57802.5,54430.0,7.51K,5.06%
2021-10-12,55967.0,57468.0,57633.0,54000.0,5.94K,-2.61%
2021-10-13,57381.0,55967.0,57758.0,54310.0,3.09K,2.53%
2021-10-14,57354.0,57381.0,58473.0,56880.0,4.59K,-0.05%
2021-10-15,61709.0,57354.0,62897.0,56889.0,11.88K,7.59%
2021-10-18,62034.0,61504.0,62661.0,59948.0,8.56K,0.85%
2021-10-19,64237.0,62034.0,64418.0,61441.1,9.15K,3.55%
2021-10-20,65988.0,64263.0,66927.0,63536.0,9.26K,2.73%
2021-10-21,62200.0,65988.0,66643.0,62100.0,13.37K,-5.74%
2021-10-22,60708.0,62200.0,63708.0,60045.0,6.35K,-2.40%
2021-10-25,63100.0,60847.0,63666.0,60633.0,3.71K,3.70%
2021-10-26,60290.0,63100.0,63306.0,59852.0,4.75K,-4.45%
2021-10-27,58453.0,60289.0,61447.7,58096.4,7.14K,-3.05%
2021-10-28,60598.0,58453.0,62395.0,57612.0,8.07K,3.67%
2021-10-29,62235.0,60598.0,62980.0,60189.5,3.92K,2.70%
2021-11-01,60927.0,61330.0,62485.0,59595.6,4.81K,-0.66%
2021-11-02,63249.0,60927.0,64263.4,60661.0,5.20K,3.81%
2021-11-03,62904.0,63249.0,63556.0,60624.0,4.76K,-0.55%
2021-11-04,61422.8,62904.0,63060.2,60733.0,2.93K,-2.35%
2021-11-05,61016.4,61422.8,62598.0,60746.3,2.26K,-0.66%
2021-11-08,67526.0,63259.1,67665.0,63259.1,8.98K,6.75%
2021-11-09,66935.0,67526.0,68429.0,66343.0,6.46K,-0.88%
2021-11-10,64954.0,66935.0,68925.0,63123.0,12.23K,-2.96%
2021-11-11,64801.0,64954.0,65541.0,64089.0,2.86K,-0.24%
2021-11-12,64156.0,64801.0,65412.0,62310.0,5.12K,-1.00%
2021-11-15,63562.0,65471.0,66320.0,63383.3,5.27K,-2.92%
2021-11-16,60124.0,63562.0,63562.0,58708.0,13.07K,-5.41%
2021-11-17,60386.1,60124.0,60847.0,58427.0,6.72K,0.44%
2021-11-18,57014.0,60386.1,60945.0,56559.0,11.54K,-5.58%
2021-11-19,58130.0,56932.0,58379.0,55670.0,5.18K,1.96%
2021-11-22,56299.0,58790.0,59407.0,55714.0,8.83K,-4.24%
2021-11-23,57602.0,56299.0,57866.2,55460.0,8.56K,2.31%
2021-11-24,57209.0,57602.0,57762.0,55916.9,4.89K,-0.68%
2021-11-25,58995.0,57209.0,59423.4,57070.0,3.98K,3.12%
2021-11-26,53738.0,58995.0,59229.0,53565.0,12.19K,-8.91%
2021-11-29,57845.0,57325.0,58886.0,56772.0,5.07K,0.91%
2021-11-30,56938.0,57845.0,59174.0,55940.0,6.47K,-1.57%
2021-12-01,57250.0,56938.0,59055.0,56505.0,5.18K,0.55%
2021-12-02,56517.0,57250.0,57389.0,55842.0,4.41K,-1.28%
2021-12-03,53709.0,56517.0,57599.0,52062.0,10.73K,-4.97%
2021-12-06,50566.6,49469.0,50974.0,47295.0,8.05K,2.22%
2021-12-07,50634.0,50566.6,51969.0,50102.0,3.91K,0.13%
2021-12-08,50503.4,50634.0,51239.0,48760.0,4.03K,-0.26%
2021-12-09,47611.0,50503.4,50824.0,47408.0,5.28K,-5.73%
2021-12-10,47170.0,47611.0,50105.0,47060.0,8.17K,-0.93%
2021-12-13,46777.0,50123.0,50222.7,45790.0,8.71K,-6.68%
2021-12-14,48408.0,46777.0,48656.0,46356.2,5.48K,3.49%
2021-12-15,48901.0,48408.0,49520.0,46602.0,7.04K,1.02%
2021-12-16,47675.0,48901.0,49462.1,47561.0,3.53K,-2.51%
2021-12-17,46193.0,47675.0,48028.8,45539.0,5.86K,-3.11%
2021-12-20,46898.0,46716.5,47541.0,45606.0,5.65K,0.39%
2021-12-21,48923.0,46898.0,49352.0,46683.0,4.71K,4.32%
2021-12-22,48626.0,48923.0,49575.1,48459.8,3.14K,-0.61%
2021-12-23,50812.0,48626.0,51376.0,48078.0,4.43K,4.50%
2021-12-24,50815.0,50833.0,51834.0,50439.0,2.60K,0.01%
2021-12-27,50684.0,50797.0,52027.0,50483.0,3.52K,-0.22%
2021-12-28,47554.0,50684.0,50710.0,47339.0,5.43K,-6.18%
2021-12-29,46465.0,47554.0,48166.0,46129.0,4.12K,-2.29%
2021-12-30,47156.0,46465.0,47911.0,45996.0,3.20K,1.49%
2021-12-31,46218.0,47156.0,48589.0,45697.0,4.25K,-1.99%
2022-01-03,46445.0,47314.0,47578.0,45701.0,2.58K,-1.84%
2022-01-04,45830.0,46445.0,47546.0,45583.0,3.79K,-1.32%
2022-01-05,43418.0,45830.0,47056.7,42519.0,6.93K,-5.26%
2022-01-06,43111.0,43418.0,43777.0,42487.0,3.41K,-0.71%
2022-01-07,41518.0,43111.0,43132.0,40755.0,7.40K,-3.70%
2022-01-10,41839.0,41850.0,42270.0,39677.0,9.55K,-0.03%
2022-01-11,42743.0,41839.0,43113.0,41287.0,4.79K,2.16%
2022-01-12,43909.0,42743.0,44305.0,42475.0,3.77K,2.73%
2022-01-13,42562.0,43909.0,44426.7,42334.0,3.74K,-3.07%
2022-01-14,43091.0,42562.0,43463.0,41839.0,4.31K,1.24%
2022-01-17,42242.0,43084.0,43191.0,41568.0,2.92K,-1.95%
2022-01-18,42390.0,42223.0,42682.0,41304.0,4.34K,0.35%
2022-01-19,41676.0,42390.0,42581.2,41180.0,6.45K,-1.68%
2022-01-20,40740.0,41676.0,43540.6,40572.0,5.11K,-2.25%
2022-01-21,36501.0,40740.0,41132.0,35524.0,16.22K,-10.41%
2022-01-24,36702.0,36308.0,37460.0,32981.0,23.10K,1.09%
2022-01-25,36994.0,36702.0,37545.0,35759.0,8.86K,0.80%
2022-01-26,36830.8,36986.0,38901.0,36301.0,10.65K,-0.44%
2022-01-27,37217.0,36830.8,37248.0,35571.0,6.94K,1.05%
2022-01-28,37759.8,37217.0,38041.0,36197.0,4.58K,1.46%
2022-01-31,38526.0,37914.4,38772.1,36683.0,4.77K,1.55%
2022-02-01,38733.0,38495.0,39350.0,38039.0,4.29K,0.54%
2022-02-02,36925.0,38733.0,38877.0,36660.0,4.19K,-4.67%
2022-02-03,37331.0,36925.0,37395.0,36282.0,5.03K,1.10%
2022-02-04,41562.7,37331.0,41734.0,37070.0,8.27K,11.34%
2022-02-07,43865.0,42416.0,44500.0,41715.0,5.52K,3.40%
2022-02-08,44060.5,43865.0,45400.0,42713.0,7.62K,0.45%
2022-02-09,44432.0,44060.5,44839.6,43160.0,3.71K,0.84%
2022-02-10,43545.0,44432.0,45851.0,43255.0,7.33K,-2.00%
2022-02-11,42418.0,43545.0,43965.0,42053.0,5.61K,-2.59%
2022-02-14,42559.9,42091.0,42852.0,41608.0,4.78K,1.11%
2022-02-15,44559.9,42559.9,44762.0,42467.0,4.11K,4.70%
2022-02-16,43885.0,44559.9,44584.0,43382.0,3.27K,-1.51%
2022-02-17,40556.0,43885.0,44187.6,40126.8,6.75K,-7.59%
2022-02-18,40037.0,40559.0,40983.0,39571.0,4.68K,-1.28%
2022-02-21,37054.0,38420.0,39531.0,36829.0,8.51K,-3.56%
2022-02-22,38299.0,37060.9,38475.0,36404.0,6.20K,3.36%
2022-02-23,37292.0,38299.0,39270.0,37142.0,5.81K,-2.63%
2022-02-24,38380.0,37292.0,39716.0,34435.0,17.88K,2.92%
2022-02-25,39243.0,38380.0,39717.0,38071.1,6.43K,2.25%
2022-02-28,43202.0,37734.0,44198.0,37502.0,8.45K,14.49%
2022-03-01,44442.0,43202.0,44939.0,42878.0,6.34K,2.87%
2022-03-02,43952.0,44442.0,45326.0,43386.0,5.57K,-1.10%
2022-03-03,42490.0,43952.0,44103.0,41862.0,3.89K,-3.33%
2022-03-04,39171.0,42489.0,42559.0,38621.0,6.38K,-7.81%
2022-03-07,38039.0,38437.0,39559.0,37198.0,6.78K,-1.04%
2022-03-08,38757.0,38039.0,39385.1,37906.0,5.51K,1.89%
2022-03-09,41962.3,38757.0,42593.0,38692.5,5.96K,8.27%
2022-03-10,39458.5,41964.0,42069.0,38646.0,6.67K,-5.97%
2022-03-11,38737.0,39458.5,40228.0,38236.4,9.57K,-1.83%
2022-03-14,39717.0,37777.1,39977.0,37570.0,8.05K,5.14%
2022-03-15,39317.0,39717.9,39886.9,38212.0,5.30K,-1.01%
2022-03-16,41148.0,39316.6,41728.0,38974.0,8.54K,4.66%
2022-03-17,40942.6,41148.0,41451.0,40553.0,2.29K,-0.50%
2022-03-18,41774.0,40942.6,42333.0,40236.0,3.77K,2.03%
2022-03-21,41031.0,41264.0,41535.0,40544.0,2.62K,-0.53%
2022-03-22,42370.0,41011.0,43319.0,40886.0,5.00K,3.26%
2022-03-23,42882.0,42370.0,42995.0,41772.0,2.75K,1.21%
2022-03-24,44003.0,42885.0,44221.0,42670.0,3.78K,2.61%
2022-03-25,44337.0,44003.0,45082.0,43607.0,4.36K,0.76%
2022-03-28,47105.0,46836.0,48159.0,46666.0,6.38K,0.57%
2022-03-29,47424.0,47105.0,48099.0,46964.0,3.38K,0.68%
2022-03-30,47035.0,47424.0,47675.0,46602.0,4.30K,-0.82%
2022-03-31,45535.0,47035.0,47665.0,45224.4,4.66K,-3.19%
2022-04-01,46301.0,45535.0,46717.0,44245.9,3.96K,1.68%
2022-04-04,46611.1,46383.0,46900.0,45128.0,3.45K,0.49%
2022-04-05,45481.0,46611.1,47173.0,45376.0,2.59K,-2.42%
2022-04-06,43199.0,45481.0,45515.1,43162.0,5.84K,-5.02%
2022-04-07,43458.0,43195.9,43899.0,42804.0,2.40K,0.60%
2022-04-08,42277.0,43458.0,43984.0,42137.3,4.35K,-2.72%
2022-04-11,39565.0,42181.0,42437.0,39274.0,6.70K,-6.20%
2022-04-12,40087.0,39565.0,40649.0,39300.0,4.11K,1.32%
2022-04-13,41155.0,40088.0,41540.0,39607.0,4.57K,2.66%
2022-04-14,39948.0,41155.0,41510.3,39604.0,3.17K,-2.93%
2022-04-15,40587.0,39948.0,40807.0,39792.0,2.21K,1.60%
2022-04-18,40821.0,39707.6,41123.2,38557.0,4.99K,2.80%
2022-04-19,41516.8,40821.0,41743.0,40601.0,2.40K,1.70%
2022-04-20,41366.4,41516.8,42195.4,40905.0,3.73K,-0.36%
2022-04-21,40502.0,41365.0,42977.0,39807.0,4.56K,-2.09%
2022-04-22,39724.0,40502.0,40799.0,39195.0,4.13K,-1.92%
2022-04-25,40456.0,39486.0,40588.0,38200.0,6.01K,2.46%
2022-04-26,38139.0,40456.0,40800.3,37762.0,4.73K,-5.73%
2022-04-27,39263.0,38139.0,39478.0,37901.0,4.20K,2.95%
2022-04-28,39757.8,39263.0,40364.0,38922.0,4.65K,1.26%
2022-04-29,38600.0,39757.8,39927.2,38200.7,3.19K,-2.91%
2022-05-02,38520.0,38496.1,39184.0,38090.7,3.59K,0.06%
2022-05-03,37751.0,38520.0,38673.5,37555.0,3.62K,-2.00%
2022-05-04,39701.2,37751.0,39996.0,37695.0,5.26K,5.17%
2022-05-05,36577.0,39701.2,39843.0,36209.0,9.74K,-7.87%
2022-05-06,36040.0,36577.0,36684.0,35315.0,7.60K,-1.47%
2022-05-09,30158.0,34064.0,34259.0,30114.0,21.24K,-11.52%
2022-05-10,31050.0,30158.0,32681.0,29845.0,14.17K,2.96%
2022-05-11,29095.0,31061.0,32181.0,27902.0,28.73K,-6.30%
2022-05-12,29089.5,29095.0,30224.0,26600.0,34.25K,-0.02%
2022-05-13,29306.0,29089.5,31068.0,28831.0,8.72K,0.74%
2022-05-16,29854.0,31318.0,31324.1,29083.0,4.52K,-4.68%
2022-05-17,30442.0,29854.0,30766.0,29445.9,3.07K,1.97%
2022-05-18,28680.0,30442.0,30702.0,28634.0,3.94K,-5.79%
2022-05-19,30329.0,28680.0,30542.0,28673.0,4.49K,5.75%
2022-05-20,29202.0,30329.0,30764.0,28713.0,3.94K,-3.72%
2022-05-23,29091.0,30283.0,30666.0,28868.0,2.79K,-3.94%
2022-05-24,29647.0,29091.0,29822.0,28690.0,2.91K,1.91%
2022-05-25,29524.0,29647.0,30218.0,29345.0,2.15K,-0.41%
2022-05-26,29213.0,29524.0,29859.2,28005.0,5.54K,-1.05%
2022-05-27,28609.0,29213.0,29377.8,28267.1,4.37K,-2.07%
2022-05-30,31726.3,29476.0,32191.0,29310.6,7.93K,7.63%
2022-05-31,31792.0,31726.3,32390.8,31220.0,2.92K,0.21%
2022-06-01,29832.0,31792.0,31974.0,29354.0,4.84K,-6.17%
2022-06-02,30478.0,29832.0,30712.0,29620.0,5.93K,2.17%
2022-06-03,29730.0,30478.0,30707.0,29346.0,3.04K,-2.45%
2022-06-06,31371.0,29923.4,31764.0,29907.0,4.78K,4.84%
2022-06-07,31149.0,31371.0,31577.0,29231.0,6.42K,-0.71%
2022-06-08,30230.0,31149.0,31331.0,29887.0,2.65K,-2.95%
2022-06-09,30112.2,30226.0,30711.8,29957.0,2.10K,-0.39%
2022-06-10,29103.0,30112.2,30367.0,28864.1,4.85K,-3.35%
2022-06-13,22487.0,26670.0,26922.3,22017.0,42.72K,-15.68%
2022-06-14,22172.0,22500.0,23326.0,20873.0,16.45K,-1.40%
2022-06-15,22594.0,22172.0,22805.0,20089.0,17.56K,1.90%
2022-06-16,20394.0,22594.0,22996.0,20253.0,6.74K,-9.74%
2022-06-17,20411.0,20394.0,21347.0,20254.0,24.02K,0.08%
2022-06-20,20554.1,20556.0,20984.0,19628.0,6.68K,-0.01%
2022-06-21,20692.9,20549.1,21670.0,20341.0,8.18K,0.68%
2022-06-22,19943.0,20692.9,20848.0,19739.0,7.26K,-3.62%
2022-06-23,21071.0,19943.0,21163.0,19866.0,6.14K,5.66%
2022-06-24,21229.0,21071.0,21526.0,20704.0,5.80K,0.75%
2022-06-27,20718.0,21067.0,21509.4,20551.0,2.79K,-1.66%
2022-06-28,20267.0,20718.0,21200.0,20204.0,2.39K,-2.18%
2022-06-29,20106.6,20270.6,20428.0,19886.0,3.38K,-0.79%
2022-06-30,19938.0,20106.6,20146.1,18643.0,5.75K,-0.84%
2022-07-01,19286.0,19938.0,20795.0,18993.0,5.19K,-3.27%
2022-07-04,20224.0,19308.8,20318.0,19056.6,3.55K,4.74%
2022-07-05,20169.0,20224.0,20723.0,19290.0,4.45K,-0.27%
2022-07-06,20557.1,20169.0,20665.6,19765.2,4.32K,1.92%
2022-07-07,21620.0,20557.1,21809.0,20253.0,5.60K,5.17%
2022-07-08,21600.0,21620.0,22405.0,21198.0,11.60K,-0.09%
2022-07-11,19945.0,20854.6,20865.2,19876.0,6.61K,-4.36%
2022-07-12,19310.5,19945.0,20038.2,19243.9,6.78K,-3.18%
2022-07-13,20246.0,19310.5,20282.7,18926.8,12.00K,4.84%
2022-07-14,20578.0,20246.0,20880.0,19647.0,6.06K,1.64%
2022-07-15,20816.0,20582.0,21190.0,20375.7,3.59K,1.16%
2022-07-18,22476.0,20781.0,22749.0,20763.0,8.52K,8.16%
2022-07-19,23398.0,22476.0,23783.0,21599.0,10.21K,4.10%
2022-07-20,23209.0,23398.0,24276.0,22915.0,8.44K,-0.81%
2022-07-21,23151.8,23209.0,23409.0,22350.0,8.12K,-0.25%
2022-07-22,22675.9,23151.8,23729.0,22517.0,5.07K,-2.06%
2022-07-25,21302.6,22579.2,22663.3,21262.0,4.42K,-5.65%
2022-07-26,21271.0,21302.6,21329.0,20738.0,4.43K,-0.15%
2022-07-27,22951.0,21271.0,23098.0,21056.0,7.47K,7.90%
2022-07-28,23851.6,22951.0,24172.0,22601.0,6.63K,3.92%
2022-07-29,23764.0,23851.6,24426.0,23456.0,5.03K,-0.37%
2022-08-01,23259.0,23294.0,23499.0,22882.0,5.57K,-0.15%
2022-08-02,22984.0,23259.0,23438.9,22676.0,4.22K,-1.18%
2022-08-03,22813.9,22986.0,23626.6,22684.0,4.75K,-0.74%
2022-08-04,22611.7,22813.9,23210.1,22390.0,4.60K,-0.89%
2022-08-05,23311.0,22611.7,23462.0,22596.0,7.08K,3.09%
2022-08-08,23817.0,23177.9,24224.0,23164.0,2.90K,2.76%
2022-08-09,23141.0,23817.0,23912.0,22888.0,4.07K,-2.84%
2022-08-10,23954.2,23142.0,24215.0,22665.0,8.78K,3.51%
2022-08-11,23931.5,23954.2,24877.0,23861.0,5.88K,-0.09%
2022-08-12,24395.2,23931.5,24441.0,23603.0,3.56K,1.94%
2022-08-15,24094.0,24300.0,25203.0,23776.0,8.93K,-0.85%
2022-08-16,23856.0,24094.0,24234.1,23686.0,2.77K,-0.99%
2022-08-17,23335.0,23856.0,24433.0,23180.0,6.13K,-2.18%
2022-08-18,23196.7,23335.0,23599.0,23124.0,3.02K,-0.59%
2022-08-19,20839.0,23196.7,23204.0,20793.0,9.53K,-10.16%
2022-08-22,21395.0,21511.7,21527.0,20910.0,3.44K,-0.53%
2022-08-23,21527.0,21395.0,21671.0,20909.0,4.92K,0.62%
2022-08-24,21365.6,21527.0,21861.0,21160.0,5.41K,-0.75%
2022-08-25,21563.1,21365.6,21809.0,21320.0,3.22K,0.92%
2022-08-26,20257.9,21563.1,21866.0,20134.0,11.23K,-6.05%
2022-08-29,20308.0,19572.0,20412.0,19566.3,4.13K,3.84%
2022-08-30,19812.0,20308.0,20574.0,19574.0,5.33K,-2.44%
2022-08-31,20058.0,19812.0,20483.0,19812.0,4.64K,1.24%
2022-09-01,20134.0,20058.0,20212.0,19587.0,5.94K,0.38%
2022-09-02,19973.0,20134.0,20441.0,19770.0,6.30K,-0.80%
2022-09-05,19788.0,20002.0,20045.0,19646.0,2.25K,-1.07%
2022-09-06,18790.0,19789.0,20183.0,18691.8,12.12K,-5.04%
2022-09-07,19279.5,18790.0,19457.0,18561.0,6.19K,2.61%
2022-09-08,19322.0,19280.0,19447.0,19048.0,8.22K,0.22%
2022-09-09,21375.0,19322.0,21576.0,19304.4,11.99K,10.63%
2022-09-12,22395.0,21850.0,22473.0,21561.0,7.84K,2.61%
2022-09-13,20181.0,22395.0,22746.0,19950.0,16.06K,-9.89%
2022-09-14,20231.0,20181.0,20511.0,19642.0,8.26K,0.25%
2022-09-15,19717.0,20231.0,20329.0,19556.0,4.23K,-2.54%
2022-09-16,19809.9,19717.0,19894.0,19350.0,6.95K,0.47%
2022-09-19,19544.5,19424.0,19684.0,18318.0,11.97K,0.62%
2022-09-20,18886.6,19544.5,19634.0,18769.0,9.67K,-3.37%
2022-09-21,18476.5,18886.6,19888.0,18214.0,17.62K,-2.17%
2022-09-22,19413.0,18476.5,19502.0,18378.8,28.28K,5.07%
2022-09-23,19298.8,19413.0,19512.0,18562.0,14.55K,-0.59%
2022-09-26,19229.5,18817.0,19326.0,18699.0,43.75K,2.19%
2022-09-27,19096.6,19229.5,20373.0,18856.0,14.96K,-0.69%
2022-09-28,19419.0,19096.6,19783.0,18495.0,16.06K,1.69%
2022-09-29,19588.0,19419.0,19651.3,18863.0,8.40K,0.87%
2022-09-30,19430.0,19588.0,20171.0,19201.0,11.70K,-0.81%
2022-10-03,19638.0,19066.0,19688.0,18985.0,10.89K,3.00%
2022-10-04,20340.0,19638.0,20470.0,19510.0,8.47K,3.57%
2022-10-05,20156.0,20340.0,20363.0,19756.8,6.99K,-0.90%
2022-10-06,19957.0,20156.0,20444.0,19866.0,6.43K,-0.99%
2022-10-07,19533.0,19957.0,20053.0,19336.0,7.68K,-2.12%
2022-10-10,19128.0,19444.4,19527.0,19056.0,4.69K,-1.63%
2022-10-11,19062.0,19128.0,19260.0,18870.0,8.84K,-0.34%
2022-10-12,19158.0,19062.0,19232.0,19026.0,3.49K,0.50%
2022-10-13,19387.0,19158.0,19503.0,18200.0,6.27K,1.20%
2022-10-14,19187.0,19387.0,19946.0,19103.0,2.57K,-1.03%
2022-10-17,19554.0,19266.0,19683.0,19168.0,1.45K,1.48%
2022-10-18,19334.0,19554.0,19705.0,19106.0,2.12K,-1.13%
2022-10-19,19132.0,19334.0,19361.0,19098.0,0.86K,-1.04%
2022-10-20,19057.0,19132.0,19345.0,18940.0,1.27K,-0.39%
2022-10-21,19175.0,19057.0,19260.0,18680.0,1.19K,0.62%
2022-10-24,19340.0,19585.0,19601.0,19175.0,1.31K,-1.25%
2022-10-25,20104.0,19340.0,20430.0,19254.0,2.76K,3.95%
2022-10-26,20788.0,20104.0,21011.0,20077.0,3.90K,3.40%
2022-10-27,20303.0,20788.0,20892.0,20226.0,2.75K,-2.33%
2022-10-28,20611.0,20303.0,20764.0,20055.0,2.28K,1.52%
2022-10-31,20509.0,20647.0,20843.0,20268.0,1.71K,-0.67%
2022-11-01,20500.0,20509.0,20689.0,20357.0,1.67K,-0.04%
2022-11-02,20168.0,20500.0,20816.0,20080.0,2.58K,-1.62%
2022-11-03,20223.0,20168.0,20403.0,20073.0,1.24K,0.27%
2022-11-04,21168.0,20223.0,21290.0,20206.0,3.81K,4.67%
2022-11-07,20610.0,20932.0,21083.0,20423.0,1.84K,-1.54%
2022-11-08,18557.0,20610.0,20692.0,16950.0,20.52K,-9.96%
2022-11-09,15907.0,18557.0,18597.0,15603.0,18.08K,-14.28%
2022-11-10,17579.0,15907.0,18155.0,15760.0,20.73K,10.51%
2022-11-11,17045.0,17579.0,17665.0,16403.0,8.03K,-3.04%
2022-11-14,16627.0,16345.0,17188.0,15829.0,6.71K,1.73%
2022-11-15,16886.0,16627.0,17124.0,16554.0,6.53K,1.56%
2022-11-16,16531.0,16886.0,17002.0,16384.0,4.34K,-2.10%
2022-11-17,16705.0,16676.0,16735.0,16413.0,1.48K,1.05%
2022-11-18,16634.0,16827.0,16837.0,16550.0,1.81K,-0.43%
2022-11-21,15766.0,16281.0,16281.0,15501.0,4.31K,-3.16%
2022-11-22,16215.0,15766.0,16279.0,15616.0,3.20K,2.85%
2022-11-23,16619.0,16215.0,16676.0,16168.0,2.90K,2.49%
2022-11-24,16606.0,16619.0,16792.0,16468.0,1.21K,-0.08%
2022-11-25,16519.0,16606.0,16617.0,16354.0,1.16K,-0.52%
2022-11-28,16215.0,16432.0,16487.0,16014.0,1.74K,-1.32%
2022-11-29,16452.0,16215.0,16537.0,16102.0,1.63K,1.46%
2022-11-30,17182.0,16452.0,17238.0,16446.0,2.73K,4.44%
2022-12-01,16980.0,17182.0,17270.0,16872.0,1.56K,-1.18%
2022-12-02,17091.0,16980.0,17100.0,16808.0,1.53K,0.65%
2022-12-05,16974.0,17128.0,17420.0,16886.0,1.46K,-0.90%
2022-12-06,17096.0,16974.0,17109.0,16917.0,0.77K,0.72%
2022-12-07,16844.0,17096.0,17137.0,16720.0,1.07K,-1.47%
2022-12-08,17246.0,16844.0,17321.0,16759.0,1.76K,2.39%
2022-12-09,17135.0,17246.0,17326.0,17090.0,1.42K,-0.64%
2022-12-12,17228.0,17109.0,17258.0,16899.0,2.47K,0.70%
2022-12-13,17785.0,17228.0,17981.0,17107.0,5.96K,3.23%
2022-12-14,17810.0,17785.0,18373.0,17688.0,3.08K,0.14%
2022-12-15,17372.0,17810.0,17867.0,17311.0,1.92K,-2.46%
2022-12-16,16642.0,17372.0,17543.0,16554.0,3.01K,-4.20%
2022-12-19,16448.0,16757.0,16825.0,16320.0,2.04K,-1.84%
2022-12-20,16925.0,16448.0,17057.0,16413.0,1.46K,2.90%
2022-12-21,16845.0,16925.0,16934.0,16755.0,0.79K,-0.47%
2022-12-22,16838.0,16845.0,16873.0,16588.0,0.77K,-0.04%
2022-12-23,16802.0,16838.0,16942.0,16788.0,0.53K,-0.21%
2022-12-26,16946.0,16847.0,16958.0,16814.0,0.32K,0.59%
2022-12-27,16719.0,16946.0,16987.0,16631.0,0.94K,-1.34%
2022-12-28,16558.0,16719.0,16796.0,16490.0,1.59K,-0.96%
2022-12-29,16658.0,16558.0,16675.0,16505.0,0.42K,0.60%
2022-12-30,16618.0,16658.0,16659.0,16380.0,1.30K,-0.24%
2023-01-02,16690.0,16643.0,16802.0,16584.0,0.60K,0.28%
2023-01-03,16689.0,16690.0,16807.0,16625.0,1.58K,-0.01%
2023-01-04,16868.0,16689.0,16998.0,16671.0,1.12K,1.07%
2023-01-05,16842.0,16868.0,16888.0,16778.0,0.57K,-0.15%
2023-01-06,16967.0,16842.0,17045.0,16705.0,1.82K,0.74%
2023-01-09,17188.0,17139.0,17399.0,17123.0,1.58K,0.29%
2023-01-10,17445.0,17188.0,17503.0,17155.0,0.81K,1.50%
2023-01-11,17946.0,17445.0,17998.0,17319.0,2.23K,2.87%
2023-01-12,18857.0,17946.0,19070.0,17920.0,5.32K,5.08%
2023-01-13,19933.0,18857.0,19989.0,18725.0,3.03K,5.71%
2023-01-16,21196.0,20882.0,21433.0,20651.0,3.25K,1.50%
2023-01-17,21136.0,21196.0,21518.0,20905.0,2.06K,-0.28%
2023-01-18,20678.0,21136.0,21632.0,20435.0,3.19K,-2.17%
2023-01-19,21080.0,20678.0,21181.0,20670.0,0.90K,1.94%
2023-01-20,22672.0,21080.0,22742.0,20879.0,2.88K,7.55%
2023-01-23,22910.0,22713.0,23169.0,22520.0,1.86K,0.87%
2023-01-24,22627.0,22910.0,23154.0,22479.0,1.88K,-1.24%
2023-01-25,23045.0,22627.0,23812.0,22334.0,3.74K,1.85%
2023-01-26,23004.0,23045.0,23273.0,22859.0,1.40K,-0.18%
2023-01-27,23067.0,23004.0,23475.0,22539.0,2.25K,0.27%
2023-01-30,22837.0,23746.0,23784.0,22516.0,2.95K,-3.83%
2023-01-31,23135.0,22837.0,23286.0,22730.0,1.99K,1.30%
2023-02-01,23723.0,23135.0,23802.0,22800.0,2.13K,2.54%
2023-02-02,23485.0,23723.0,24239.0,23395.0,2.83K,-1.00%
2023-02-03,23433.0,23485.0,23700.0,23230.0,1.92K,-0.22%
2023-02-06,22755.0,22936.0,23145.0,22639.0,1.08K,-0.79%
2023-02-07,23251.0,22755.0,23350.0,22744.0,1.20K,2.18%
2023-02-08,22959.0,23251.0,23430.0,22691.0,1.35K,-1.26%
2023-02-09,21800.0,22959.0,23002.0,21710.0,3.31K,-5.05%
2023-02-10,21643.0,21800.0,21937.0,21500.0,1.47K,-0.72%
2023-02-13,21773.0,21796.0,21902.0,21404.0,3.08K,-0.11%
2023-02-14,22198.0,21773.0,22311.0,21578.0,1.44K,1.95%
2023-02-15,24318.0,22198.0,24350.0,22082.0,2.37K,9.55%
2023-02-16,23535.0,24318.0,25232.0,23527.0,4.64K,-3.22%
2023-02-17,24579.0,23535.0,25018.0,23362.0,4.17K,4.44%
2023-02-20,24831.0,24294.0,25114.0,23867.0,2.02K,2.21%
2023-02-21,24460.0,24831.0,25162.0,24177.0,3.55K,-1.49%
2023-02-22,24186.0,24460.0,24485.0,23586.0,3.34K,-1.12%
2023-02-23,23947.0,24186.0,24598.0,23625.0,2.24K,-0.99%
2023-02-24,23201.0,23947.0,24150.0,22911.0,3.45K,-3.12%
2023-02-27,23504.0,23560.0,23891.0,23167.0,1.84K,-0.24%
2023-02-28,23134.0,23504.0,23609.0,23067.0,1.44K,-1.57%
2023-03-01,23646.0,23134.0,23979.0,23037.0,1.37K,2.21%
2023-03-02,23472.0,23646.0,23792.0,23208.0,0.70K,-0.74%
2023-03-03,22363.0,23472.0,23482.0,22003.0,2.99K,-4.72%
2023-03-06,22404.0,22431.0,22586.0,22315.0,0.89K,-0.12%
2023-03-07,22209.0,22404.0,22552.0,21967.0,1.84K,-0.87%
2023-03-08,21712.0,22209.0,22286.0,21622.0,1.75K,-2.24%
2023-03-09,20378.0,21712.0,21835.0,20096.0,3.79K,-6.14%
2023-03-10,20201.0,20378.0,20381.0,19592.0,4.64K,-0.87%
2023-03-13,24187.0,22079.0,24560.0,21891.0,7.01K,9.55%
2023-03-14,24744.0,24187.0,26434.0,24073.0,9.61K,2.30%
2023-03-15,24321.0,24744.0,25245.0,23939.0,2.63K,-1.71%
2023-03-16,25057.0,24321.0,25213.0,24202.0,2.42K,3.03%
2023-03-17,27350.0,25057.0,27562.0,24954.0,9.82K,9.15%
2023-03-20,27712.0,27936.0,28438.0,27130.0,2.70K,-0.80%
2023-03-21,28112.0,27712.0,28435.0,27313.0,1.66K,1.44%
2023-03-22,27263.0,28112.0,28813.0,26620.0,3.93K,-3.02%
2023-03-23,28304.0,27263.0,28741.0,27121.0,3.12K,3.82%
2023-03-24,27458.0,28304.0,28372.0,27017.0,1.92K,-2.99%
2023-03-27,27129.0,27986.0,28027.0,26542.0,1.94K,-3.06%
2023-03-28,27265.0,27129.0,27512.0,26637.0,1.44K,0.50%
2023-03-29,28344.0,27265.0,28645.0,27253.0,2.12K,3.96%
2023-03-30,28017.0,28344.0,29170.0,27692.0,2.68K,-1.15%
2023-03-31,28460.0,28017.0,28651.0,27556.0,1.32K,1.58%
2023-04-03,27790.0,28173.0,28482.0,27231.0,2.64K,-1.36%
2023-04-04,28153.0,27790.0,28445.0,27671.0,1.08K,1.31%
2023-04-05,28153.0,28153.0,28750.0,27837.0,1.52K,0.00%
2023-04-06,28018.0,28153.0,28163.0,27728.0,0.88K,-0.48%
2023-04-07,27889.0,28018.0,28082.0,27755.0,0.33K,-0.46%
2023-04-10,29614.0,28320.0,29724.0,28159.0,2.24K,4.57%
2023-04-11,30190.0,29614.0,30484.0,29579.0,2.75K,1.95%
2023-04-12,29876.0,30190.0,30450.0,29683.0,1.69K,-1.04%
2023-04-13,30389.0,29876.0,30563.0,29867.0,1.43K,1.72%
2023-04-14,30462.0,30389.0,30968.0,30001.0,2.59K,0.24%
2023-04-17,29434.0,30285.0,30289.0,29277.0,2.04K,-2.81%
2023-04-18,30392.0,29434.0,30471.0,29169.0,1.93K,3.25%
2023-04-19,28826.0,30392.0,30412.0,28645.0,3.76K,-5.15%
2023-04-20,28248.0,28826.0,29098.0,28035.0,1.55K,-2.01%
2023-04-21,27287.0,28248.0,28378.0,27191.0,1.37K,-3.40%
2023-04-24,27522.0,27613.0,28000.0,26998.0,1.38K,-0.33%
2023-04-25,28324.0,27522.0,28389.0,27224.0,0.98K,2.91%
2023-04-26,28433.0,28324.0,30028.0,27263.0,3.46K,0.38%
2023-04-27,29479.0,28433.0,29885.0,28395.0,1.89K,3.68%
2023-04-28,29338.0,29479.0,29589.0,28911.0,1.40K,-0.48%
2023-05-01,28106.0,29255.0,29347.0,27700.0,1.80K,-3.93%
2023-05-02,28679.0,28106.0,28888.0,27919.0,1.24K,2.04%
2023-05-03,29037.0,28679.0,29277.0,28161.0,1.03K,1.25%
2023-05-04,28844.0,29037.0,29370.0,28706.0,0.81K,-0.66%
2023-05-05,29526.0,28844.0,29687.0,28844.0,1.41K,2.36%
2023-05-08,27701.0,28464.0,28682.0,27309.0,1.59K,-2.68%
2023-05-09,27668.0,27701.0,27844.0,27386.0,0.75K,-0.12%
2023-05-10,27622.0,27668.0,28338.0,26855.0,1.70K,-0.17%
2023-05-11,27016.0,27622.0,27654.0,26795.0,1.79K,-2.19%
2023-05-12,26818.0,27016.0,27101.0,25884.0,1.82K,-0.73%
2023-05-15,27190.0,26937.0,27671.0,26764.0,0.98K,0.94%
2023-05-16,27054.0,27190.0,27313.0,26899.0,0.80K,-0.50%
2023-05-17,27425.0,27054.0,27511.0,26614.0,1.88K,1.37%
2023-05-18,26862.0,27425.0,27504.0,26443.0,1.59K,-2.05%
2023-05-19,26911.0,26862.0,27198.0,26676.0,0.33K,0.18%
2023-05-22,26869.0,26760.0,27101.0,26562.0,0.54K,0.41%
2023-05-23,27243.0,26869.0,27481.0,26829.0,0.59K,1.39%
2023-05-24,26344.0,27243.0,27243.0,26100.0,0.92K,-3.30%
2023-05-25,26498.0,26344.0,26620.0,25889.0,0.64K,0.58%
2023-05-26,26737.0,26498.0,26937.0,26359.0,0.96K,0.90%
2023-05-29,27772.0,28096.0,28463.0,27579.0,0.82K,-1.15%
2023-05-30,27723.0,27772.0,28065.0,27600.0,0.49K,-0.18%
2023-05-31,27220.0,27723.0,27855.0,26859.0,1.34K,-1.81%
2023-06-01,26833.0,27220.0,27348.0,26666.0,0.83K,-1.42%
2023-06-02,27254.0,26833.0,27301.0,26523.0,0.79K,1.57%
2023-06-05,25730.0,27126.0,27134.0,25420.0,3.02K,-5.15%
2023-06-06,27233.0,25730.0,27342.0,25392.0,1.69K,5.84%
2023-06-07,26365.0,27233.0,27368.0,26157.0,1.79K,-3.19%
2023-06-08,26526.0,26365.0,26811.0,26248.0,0.70K,0.61%
2023-06-09,26502.0,26526.0,26804.0,26303.0,0.49K,-0.09%
2023-06-12,25933.0,25953.0,26106.0,25650.0,0.36K,-0.08%
2023-06-13,25941.0,25933.0,26428.0,25748.0,0.79K,0.03%
2023-06-14,25146.0,25941.0,26113.0,24853.0,1.26K,-3.06%
2023-06-15,25611.0,25146.0,25766.0,24862.0,1.11K,1.85%
2023-06-16,26357.0,25611.0,26506.0,25244.0,1.02K,2.91%
2023-06-19,26866.0,26358.0,27056.0,26293.0,0.96K,1.93%
2023-06-20,28325.0,26866.0,28406.0,26676.0,2.17K,5.43%
2023-06-21,30013.0,28325.0,30769.0,28286.0,3.14K,5.96%
2023-06-22,29920.0,30013.0,30506.0,29678.0,1.68K,-0.31%
2023-06-23,30708.0,29920.0,31415.0,29838.0,2.29K,2.63%
2023-06-26,30287.0,30485.0,30672.0,29981.0,1.03K,-0.65%
2023-06-27,30711.0,30287.0,31018.0,30246.0,1.13K,1.40%
2023-06-28,30094.0,30711.0,30731.0,29900.0,1.21K,-2.01%
2023-06-29,30471.0,30094.0,30844.0,30062.0,0.98K,1.25%
2023-06-30,30500.0,30471.0,31299.0,29617.0,3.22K,0.10%
2023-07-03,31176.0,30663.0,31416.0,30607.0,1.36K,1.67%
2023-07-04,30782.0,31176.0,31345.0,30656.0,1.67K,-1.26%
2023-07-05,30532.0,30782.0,30897.0,30239.0,1.25K,-0.81%
2023-07-06,29942.0,30532.0,31530.0,29901.0,2.31K,-1.93%
2023-07-07,30370.0,29942.0,30469.0,29779.0,1.19K,1.43%
2023-07-10,30445.0,30188.0,31044.0,29988.0,1.28K,0.85%
2023-07-11,30654.0,30445.0,30822.0,30359.0,0.71K,0.69%
2023-07-12,30428.0,30654.0,30998.0,30260.0,1.07K,-0.74%
2023-07-13,31500.0,30428.0,31814.0,30307.0,2.91K,3.52%
2023-07-14,30343.0,31500.0,31657.0,29969.0,2.41K,-3.67%
2023-07-17,30172.0,30260.0,30353.0,29701.0,1.33K,-0.29%
2023-07-18,29888.0,30172.0,30269.0,29618.0,1.28K,-0.94%
2023-07-19,29939.0,29888.0,30220.0,29829.0,0.50K,0.17%
2023-07-20,29839.0,29939.0,30438.0,29625.0,1.31K,-0.33%
2023-07-21,29942.0,29839.0,30091.0,29770.0,1.12K,0.35%
2023-07-24,29224.0,30122.0,30125.0,28931.0,1.62K,-2.98%
2023-07-25,29272.0,29224.0,29404.0,29101.0,0.37K,0.16%
2023-07-26,29390.0,29272.0,29720.0,29150.0,0.75K,0.40%
2023-07-27,29256.0,29390.0,29601.0,29123.0,0.61K,-0.46%
2023-07-28,29365.0,29256.0,29578.0,29169.0,0.32K,0.37%
2023-07-31,29273.0,29315.0,29560.0,29164.0,0.45K,-0.14%
2023-08-01,29746.0,29273.0,29746.0,28663.0,1.64K,1.62%
2023-08-02,29197.0,29746.0,30056.0,28975.0,1.18K,-1.85%
2023-08-03,29206.0,29197.0,29438.0,28995.0,0.62K,0.03%
2023-08-04,29119.0,29206.0,29335.0,28863.0,0.59K,-0.30%
2023-08-07,29223.0,29095.0,29289.0,28722.0,1.03K,0.44%
2023-08-08,29796.0,29223.0,30235.0,29165.0,1.36K,1.96%
2023-08-09,29597.0,29796.0,30163.0,29393.0,1.22K,-0.67%
2023-08-10,29458.0,29597.0,29745.0,29384.0,1.44K,-0.47%
2023-08-11,29434.0,29458.0,29549.0,29258.0,1.10K,-0.08%
2023-08-14,29445.0,29314.0,29689.0,29103.0,0.79K,0.45%
2023-08-15,29200.0,29445.0,29499.0,29109.0,0.49K,-0.83%
2023-08-16,28730.0,29200.0,29255.0,28728.0,1.07K,-1.61%
2023-08-17,26661.0,28730.0,28778.0,24863.0,4.96K,-7.20%
2023-08-18,26066.0,26661.0,26823.0,25699.0,2.04K,-2.23%
2023-08-21,26144.0,26215.0,26255.0,25850.0,0.90K,-0.27%
2023-08-22,26057.0,26144.0,26156.0,25490.0,1.07K,-0.33%
2023-08-23,26461.0,26057.0,26834.0,25840.0,1.19K,1.55%
2023-08-24,26199.0,26461.0,26598.0,25962.0,0.83K,-0.99%
2023-08-25,26079.0,26199.0,26314.0,25825.0,1.27K,-0.46%
2023-08-28,26147.0,26121.0,26264.0,25900.0,0.69K,0.10%
2023-08-29,27752.0,26147.0,28097.0,25954.0,2.68K,6.14%
2023-08-30,27325.0,27752.0,27789.0,27085.0,1.29K,-1.54%
2023-08-31,25967.0,27325.0,27550.0,25750.0,3.63K,-4.97%
2023-09-01,25816.0,25967.0,26164.0,25354.0,2.05K,-0.58%
2023-09-04,25823.0,25980.0,26092.0,25666.0,0.72K,-0.60%
2023-09-05,25793.0,25823.0,25886.0,25602.0,1.02K,-0.12%
2023-09-06,25783.0,25793.0,26023.0,25453.0,1.14K,-0.04%
2023-09-07,26264.0,25783.0,26444.0,25645.0,1.21K,1.87%
2023-09-08,25918.0,26264.0,26435.0,25692.0,0.86K,-1.32%
2023-09-11,25183.0,25860.0,25904.0,24927.0,1.24K,-2.62%
2023-09-12,25851.0,25183.0,26566.0,25152.0,2.49K,2.65%
2023-09-13,26238.0,25851.0,26430.0,25797.0,0.87K,1.50%
2023-09-14,26544.0,26238.0,26832.0,26151.0,2.56K,1.17%
2023-09-15,26625.0,26544.0,26862.0,26255.0,0.90K,0.31%
2023-09-18,26788.0,26547.0,27452.0,26444.0,2.87K,0.91%
2023-09-19,27244.0,26788.0,27506.0,26700.0,1.60K,1.70%
2023-09-20,27149.0,27244.0,27414.0,26847.0,1.44K,-0.35%
2023-09-21,26594.0,27149.0,27167.0,26416.0,1.53K,-2.04%
2023-09-22,26606.0,26594.0,26749.0,26532.0,2.04K,0.05%
2023-09-25,26330.0,26299.0,26465.0,26045.0,1.17K,0.12%
2023-09-26,26244.0,26330.0,26410.0,26129.0,0.90K,-0.33%
2023-09-27,26391.0,26244.0,26872.0,26147.0,1.91K,0.56%
2023-09-28,27046.0,26391.0,27300.0,26368.0,1.07K,2.48%
2023-09-29,26929.0,27046.0,27263.0,26745.0,1.06K,-0.43%
2023-10-02,27526.0,28008.0,28566.0,27345.0,2.08K,-1.72%
2023-10-03,27431.0,27526.0,27700.0,27211.0,0.77K,-0.35%
2023-10-04,27805.0,27431.0,27845.0,27249.0,0.89K,1.36%
2023-10-05,27418.0,27805.0,28118.0,27370.0,1.44K,-1.39%
2023-10-06,27942.0,27418.0,28268.0,27200.0,1.62K,1.91%
2023-10-09,27617.0,27929.0,27987.0,27331.0,3.07K,-1.12%
2023-10-10,27414.0,27617.0,27752.0,27325.0,1.27K,-0.74%
2023-10-11,26894.0,27414.0,27492.0,26562.0,1.98K,-1.90%
2023-10-12,26795.0,26894.0,26964.0,26580.0,1.44K,-0.37%
2023-10-13,26875.0,26795.0,27140.0,26700.0,0.85K,0.30%
2023-10-16,28524.0,27168.0,30067.0,27129.0,4.31K,4.99%
2023-10-17,28410.0,28524.0,28624.0,28109.0,0.83K,-0.40%
2023-10-18,28332.0,28410.0,28978.0,28171.0,1.02K,-0.27%
2023-10-19,28745.0,28332.0,28904.0,28155.0,1.56K,1.46%
2023-10-20,29689.0,28745.0,30232.0,28619.0,3.15K,3.28%
2023-10-23,33069.0,30023.0,33525.0,29923.0,6.76K,10.15%
2023-10-24,33943.0,33069.0,35175.0,32852.0,5.30K,2.64%
2023-10-25,34504.0,33943.0,35147.0,33756.0,2.24K,1.65%
2023-10-26,34184.0,34504.0,34843.0,33770.0,1.01K,-0.93%
2023-10-27,33942.0,34184.0,34268.0,33430.0,1.12K,-0.71%
2023-10-30,34490.0,34552.0,34876.0,34117.0,1.36K,-0.18%
2023-10-31,34669.0,34490.0,34730.0,34111.0,1.39K,0.52%
2023-11-01,35447.0,34669.0,35561.0,34114.0,1.99K,2.24%
2023-11-02,34944.0,35447.0,35953.0,34335.0,2.19K,-1.42%
2023-11-03,34751.0,34944.0,34954.0,34154.0,1.51K,-0.55%
2023-11-06,35053.0,35064.0,35323.0,34798.0,0.37K,-0.03%
2023-11-07,35455.0,35053.0,35930.0,34578.0,0.97K,1.15%
2023-11-08,35641.0,35455.0,36065.0,35111.0,0.70K,0.52%
2023-11-09,36699.0,35641.0,37973.0,35562.0,3.97K,2.97%
2023-11-10,37301.0,36699.0,37500.0,36369.0,0.95K,1.64%
2023-11-13,36511.0,37042.0,37410.0,36390.0,1.23K,-1.43%
2023-11-14,35542.0,36511.0,36756.0,34860.0,2.05K,-2.65%
2023-11-15,37865.0,35542.0,37949.0,35374.0,1.99K,6.54%
2023-11-16,36161.0,37865.0,37927.0,35535.0,0.96K,-4.50%
2023-11-17,36631.0,36161.0,36730.0,35886.0,0.88K,1.30%
2023-11-20,37451.0,37368.0,37731.0,36824.0,1.65K,0.22%
2023-11-21,35794.0,37451.0,37638.0,35791.0,2.68K,-4.42%
2023-11-22,37407.0,35794.0,37870.0,35663.0,2.09K,4.51%
2023-11-23,37280.0,37407.0,37645.0,36898.0,1.30K,-0.34%
2023-11-24,37704.0,37280.0,38410.0,37248.0,3.64K,1.14%
2023-11-27,37263.0,37443.0,37547.0,36735.0,1.74K,-0.48%
2023-11-28,37815.0,37263.0,38349.0,36895.0,1.79K,1.48%
2023-11-29,37834.0,37815.0,38366.0,37599.0,1.19K,0.05%
2023-11-30,37723.0,37834.0,38136.0,37490.0,0.73K,-0.29%
2023-12-01,38676.0,37723.0,38936.0,37626.0,2.69K,2.53%
2023-12-04,41942.0,39940.0,42335.0,39940.0,2.95K,5.01%
2023-12-05,44112.0,41942.0,44420.0,41317.0,5.33K,5.17%
2023-12-06,43814.0,44112.0,44285.0,43444.0,5.13K,-0.68%
2023-12-07,43290.0,43814.0,44091.0,42881.0,2.94K,-1.20%
2023-12-08,44173.0,43290.0,44699.0,43101.0,1.96K,2.04%
2023-12-11,41287.0,43809.0,43840.0,40286.0,3.00K,-5.76%
2023-12-12,41501.0,41287.0,42113.0,40733.0,0.90K,0.52%
2023-12-13,42924.0,41501.0,43424.0,40682.0,1.45K,3.43%
2023-12-14,43064.0,42924.0,43434.0,41601.0,1.67K,0.33%
2023-12-15,41961.0,43064.0,43106.0,41742.0,1.01K,-2.56%
2023-12-18,42672.0,41406.0,42753.0,40556.0,1.46K,3.06%
2023-12-19,42315.0,42672.0,43429.0,41850.0,0.96K,-0.84%
2023-12-20,43662.0,42315.0,44336.0,42245.0,2.18K,3.18%
2023-12-21,43890.0,43662.0,44250.0,43363.0,1.17K,0.52%
2023-12-22,44038.0,43890.0,44444.0,43480.0,0.99K,0.34%
2023-12-25,43641.0,43026.0,43880.0,42784.0,0.84K,1.43%
2023-12-26,42568.0,43641.0,43649.0,41772.0,1.99K,-2.46%
2023-12-27,43476.0,42568.0,43666.0,42178.0,1.02K,2.13%
2023-12-28,42617.0,43476.0,43793.0,42388.0,1.09K,-1.98%
2023-12-29,42139.0,42617.0,43168.0,41433.0,1.64K,-1.12%
2024-01-01,44175.0,42323.0,44190.0,42232.0,1.16K,4.38%
2024-01-02,44991.0,44175.0,45892.0,44175.0,3.10K,1.85%
2024-01-03,42869.0,44991.0,45559.0,40499.0,4.19K,-4.72%
2024-01-04,44221.0,42869.0,44798.0,42673.0,1.85K,3.15%
2024-01-05,44189.0,44221.0,44415.0,42746.0,1.89K,-0.07%
2024-01-08,46941.0,43960.0,47205.0,43244.0,3.83K,6.78%
2024-01-09,46113.0,46941.0,47845.0,45133.0,3.87K,-1.76%
2024-01-10,46636.0,46113.0,47572.0,44352.0,5.05K,1.13%
2024-01-11,46377.0,46636.0,48750.0,45650.0,5.42K,-0.56%
2024-01-12,42831.0,46377.0,46508.0,41574.0,3.78K,-7.65%
2024-01-15,42508.0,41737.0,43359.0,41705.0,0.93K,1.85%
2024-01-16,43163.0,42508.0,43588.0,42107.0,0.70K,1.54%
2024-01-17,42778.0,43163.0,43215.0,42237.0,0.80K,-0.89%
2024-01-18,41337.0,42778.0,42932.0,40704.0,1.38K,-3.37%
2024-01-19,41719.0,41337.0,42212.0,40364.0,1.55K,0.92%
2024-01-22,39599.0,41679.0,41775.0,39461.0,3.15K,-4.99%
2024-01-23,39938.0,39599.0,40215.0,38572.0,2.78K,0.86%
2024-01-24,40140.0,39938.0,40590.0,39533.0,1.88K,0.51%
2024-01-25,40001.0,40140.0,40333.0,39556.0,2.30K,-0.35%
2024-01-26,41821.0,40001.0,42192.0,39877.0,2.73K,4.55%
2024-01-29,43301.0,42047.0,43301.0,41833.0,1.16K,2.98%
2024-01-30,42956.0,43309.0,43840.0,42700.0,1.11K,-0.80%
2024-01-31,42594.0,42956.0,43722.0,42304.0,1.29K,-0.84%
2024-02-01,43088.0,42594.0,43272.0,41880.0,0.94K,1.16%
2024-02-02,43201.0,43088.0,43477.0,42560.0,0.78K,0.26%
2024-02-05,42707.0,42583.0,43540.0,42247.0,1.04K,0.29%
2024-02-06,43101.0,42707.0,43375.0,42574.0,0.71K,0.92%
2024-02-07,44328.0,43101.0,44351.0,42788.0,1.74K,2.85%
2024-02-08,45279.0,44328.0,45541.0,44328.0,1.67K,2.15%
2024-02-09,47150.0,45279.0,48182.0,45247.0,2.80K,4.13%
2024-02-12,49947.0,48321.0,50283.0,47699.0,4.36K,3.36%
2024-02-13,49777.0,49947.0,50349.0,48388.0,2.43K,-0.34%
2024-02-14,51778.0,49777.0,52005.0,49319.0,3.07K,4.02%
2024-02-15,51893.0,51778.0,52700.0,51280.0,2.44K,0.22%
2024-02-16,52130.0,51893.0,52579.0,51580.0,1.27K,0.46%
2024-02-19,51732.0,52061.0,52466.0,51650.0,1.19K,-0.63%
2024-02-20,52168.0,51732.0,52872.0,50714.0,2.60K,0.84%
2024-02-21,51856.0,52168.0,52279.0,50600.0,2.23K,-0.60%
2024-02-22,51287.0,51856.0,52042.0,50903.0,1.87K,-1.10%
2024-02-23,50734.0,51287.0,51537.0,50527.0,1.05K,-1.08%
2024-02-26,54417.0,51716.0,54720.0,50903.0,4.39K,5.22%
2024-02-27,56998.0,54417.0,57487.0,54388.0,4.50K,4.74%
2024-02-28,62380.0,56998.0,63780.0,56668.0,6.63K,9.44%
2024-02-29,61148.0,62380.0,63566.0,60385.0,4.10K,-1.97%
2024-03-01,62346.0,61148.0,63000.0,60783.0,2.51K,1.96%
2024-03-04,68110.0,63121.0,68161.0,62489.0,5.45K,7.90%
2024-03-05,63818.0,68110.0,68874.0,59858.0,9.33K,-6.30%
2024-03-06,66073.0,63818.0,67658.0,62805.0,4.51K,3.53%
2024-03-07,66744.0,66073.0,67953.0,65641.0,2.19K,1.02%
2024-03-08,68018.0,66744.0,69838.0,66100.0,4.67K,1.91%
2024-03-11,71937.0,68948.0,72606.0,67096.0,7.12K,4.34%
2024-03-12,71237.0,71937.0,72760.0,68429.0,6.89K,-0.97%
2024-03-13,72974.0,71237.0,73588.0,71172.0,3.07K,2.44%
2024-03-14,71364.0,72985.0,73666.0,68602.0,3.48K,-2.21%
2024-03-15,69457.0,71364.0,72413.0,65705.0,5.08K,-2.67%
2024-03-18,67606.0,68456.0,68940.0,66648.0,2.32K,-1.24%
2024-03-19,62072.0,67606.0,68136.0,61689.0,6.98K,-8.19%
2024-03-20,67912.0,62072.0,68155.0,60900.0,4.53K,9.41%
2024-03-21,65577.0,67912.0,68229.0,64639.0,3.36K,-3.44%
2024-03-22,63828.0,65577.0,66712.0,62336.0,3.15K,-2.67%
2024-03-25,69824.0,67283.0,70983.0,66397.0,4.66K,3.78%
2024-03-26,70011.0,69824.0,71402.0,69347.0,1.87K,0.27%
2024-03-27,69467.0,70011.0,71610.0,68452.0,4.20K,-0.78%
2024-03-28,70776.0,69467.0,71557.0,68932.0,1.57K,1.88%
2024-03-29,69862.0,70776.0,70892.0,69015.0,1.47K,-1.29%
2024-04-01,69691.0,71402.0,71402.0,68198.0,2.56K,-2.40%
2024-04-02,65495.0,69691.0,69691.0,64667.0,3.47K,-6.02%
2024-04-03,65967.0,65495.0,66931.0,64603.0,1.43K,0.72%
2024-04-04,68518.0,65967.0,69320.0,65074.0,2.23K,3.87%
2024-04-05,67819.0,68518.0,68718.0,65993.0,1.68K,-1.02%
2024-04-08,71675.0,69343.0,72761.0,69040.0,3.09K,3.36%
2024-04-09,69164.0,71675.0,71751.0,68253.0,2.83K,-3.50%
2024-04-10,70688.0,69165.0,71241.0,67606.0,2.39K,2.20%
2024-04-11,70104.0,70688.0,71352.0,69650.0,1.41K,-0.83%
2024-04-12,67061.0,70104.0,71291.0,65625.0,2.75K,-4.34%
2024-04-15,63488.0,65793.0,66888.0,62386.0,2.49K,-3.50%
2024-04-16,63874.0,63488.0,64415.0,61765.0,1.80K,0.61%
2024-04-17,61375.0,63874.0,64534.0,59840.0,2.28K,-3.91%
2024-04-18,63529.0,61375.0,64159.0,60932.0,1.66K,3.51%
2024-04-19,63867.0,63529.0,65487.0,59698.0,2.28K,0.53%
2024-04-22,66894.0,64992.0,67282.0,64581.0,1.08K,2.93%
2024-04-23,66458.0,66894.0,67234.0,65904.0,0.51K,-0.65%
2024-04-24,64345.0,66458.0,67153.0,63667.0,0.91K,-3.18%
2024-04-25,64555.0,64345.0,65348.0,62846.0,0.93K,0.33%
2024-04-26,63874.0,64555.0,64838.0,63376.0,0.72K,-1.05%
2024-04-29,63960.0,63226.0,64304.0,61949.0,1.01K,1.16%
2024-04-30,60836.0,63960.0,64800.0,59372.0,1.96K,-4.88%
2024-05-01,58457.0,60836.0,60991.0,56756.0,3.90K,-3.91%
2024-05-02,59247.0,58457.0,59732.0,57082.0,2.23K,1.35%
2024-05-03,62978.0,59247.0,63429.0,58914.0,2.89K,6.30%
2024-05-06,63280.0,64173.0,65625.0,62812.0,0.86K,-1.39%
2024-05-07,62432.0,63280.0,64480.0,62378.0,0.44K,-1.34%
2024-05-08,61343.0,62432.0,63111.0,61020.0,0.76K,-1.74%
2024-05-09,63209.0,61343.0,63509.0,60778.0,0.88K,3.04%
2024-05-10,60807.0,63209.0,63606.0,60300.0,1.67K,-3.80%
2024-05-13,62986.0,61612.0,63535.0,60866.0,0.66K,2.23%
2024-05-14,61668.0,62986.0,63175.0,61239.0,0.86K,-2.09%
2024-05-15,66320.0,61668.0,66500.0,61440.0,1.65K,7.54%
2024-05-16,65314.0,66320.0,66780.0,64715.0,0.88K,-1.52%
2024-05-17,67182.0,65314.0,67540.0,65220.0,0.92K,2.86%
2024-05-20,71428.0,66339.0,71479.0,66166.0,2.26K,7.67%
2024-05-21,70148.0,71428.0,71921.0,69210.0,1.37K,-1.79%
2024-05-22,69225.0,70148.0,70647.0,69000.0,0.76K,-1.32%
2024-05-23,68058.0,69225.0,70095.0,66555.0,1.28K,-1.69%
2024-05-24,68604.0,68058.0,69308.0,66733.0,0.64K,0.80%
2024-05-27,69492.0,68585.0,70678.0,68313.0,1.11K,1.32%
2024-05-28,68434.0,69492.0,69597.0,67400.0,0.90K,-1.52%
2024-05-29,67720.0,68434.0,68971.0,67225.0,0.63K,-1.04%
2024-05-30,68413.0,67720.0,69523.0,67202.0,0.70K,1.02%
2024-05-31,67582.0,68413.0,69028.0,66700.0,0.82K,-1.21%
2024-06-03,68859.0,67816.0,70276.0,67636.0,1.20K,1.54%
2024-06-04,70604.0,68859.0,71071.0,68608.0,0.80K,2.53%
2024-06-05,71101.0,70604.0,71717.0,70409.0,0.86K,0.70%
2024-06-06,70836.0,71101.0,71651.0,70156.0,0.67K,-0.37%
2024-06-07,69403.0,70836.0,71912.0,68674.0,1.73K,-2.02%
2024-06-10,69528.0,69646.0,70150.0,69181.0,0.49K,-0.17%
2024-06-11,67331.0,69528.0,69552.0,66189.0,1.34K,-3.16%
2024-06-12,68266.0,67331.0,70036.0,66919.0,1.16K,1.39%
2024-06-13,66776.0,68266.0,68400.0,66272.0,0.53K,-2.18%
2024-06-14,66038.0,66776.0,67370.0,65088.0,0.81K,-1.11%
2024-06-17,66570.0,66677.0,67301.0,65148.0,0.68K,-0.16%
2024-06-18,65250.0,66570.0,66623.0,64179.0,1.60K,-1.98%
2024-06-19,65071.0,65250.0,65820.0,64784.0,0.71K,-0.27%
2024-06-20,65000.0,65071.0,66585.0,64669.0,1.16K,-0.11%
2024-06-21,64234.0,65007.0,65196.0,63505.0,1.12K,-1.18%
2024-06-24,60372.0,63292.0,63451.0,58595.0,2.95K,-4.61%
2024-06-25,61878.0,60372.0,62434.0,60340.0,1.56K,2.49%
2024-06-26,60923.0,61878.0,62555.0,60806.0,0.87K,-1.54%
2024-06-27,61803.0,60923.0,62479.0,60708.0,1.32K,1.44%
2024-06-28,60546.0,61803.0,62289.0,60153.0,0.89K,-2.03%
2024-07-01,62965.0,62867.0,63911.0,62631.0,0.69K,0.16%
2024-07-02,62219.0,62965.0,63331.0,61879.0,0.61K,-1.18%
2024-07-03,60314.0,62214.0,62386.0,59538.0,1.01K,-3.06%
2024-07-04,57118.0,60298.0,60550.0,56810.0,2.40K,-5.30%
2024-07-05,56759.0,57118.0,57604.0,53727.0,3.02K,-0.63%
2024-07-08,56873.0,56050.0,58350.0,54500.0,1.70K,1.47%
2024-07-09,58205.0,56873.0,58418.0,56462.0,1.31K,2.34%
2024-07-10,57931.0,58205.0,59588.0,57356.0,0.97K,-0.47%
2024-07-11,57458.0,57931.0,59511.0,57237.0,1.37K,-0.82%
2024-07-12,58049.0,57458.0,58653.0,56668.0,1.12K,1.03%
2024-07-15,64882.0,60946.0,65014.0,60842.0,1.34K,6.46%
2024-07-16,65188.0,64882.0,65481.0,62558.0,0.84K,0.47%
2024-07-17,64204.0,65188.0,66180.0,63959.0,0.51K,-1.51%
2024-07-18,64048.0,64204.0,65181.0,63294.0,0.62K,-0.24%
2024-07-19,66789.0,64048.0,67503.0,63414.0,1.01K,4.28%
2024-07-22,67714.0,68263.0,68560.0,66718.0,0.71K,-0.80%
2024-07-23,66101.0,67714.0,67905.0,65589.0,0.56K,-2.38%
2024-07-24,65482.0,66101.0,67221.0,65258.0,0.74K,-0.94%
2024-07-25,65849.0,65482.0,66241.0,63560.0,1.09K,0.56%
2024-07-26,68061.0,65849.0,68333.0,65849.0,0.75K,3.36%
2024-07-29,66933.0,68419.0,70162.0,66666.0,1.22K,-2.17%
2024-07-30,66349.0,66933.0,67129.0,65556.0,0.68K,-0.87%
2024-07-31,64724.0,66349.0,66939.0,64636.0,0.49K,-2.45%
2024-08-01,65465.0,64724.0,65694.0,62413.0,1.43K,1.14%
2024-08-02,61529.0,65465.0,65668.0,61326.0,1.13K,-6.01%
2024-08-05,54169.0,58203.0,58343.0,49538.0,7.25K,-6.93%
2024-08-06,56187.0,54169.0,57200.0,54142.0,1.17K,3.73%
2024-08-07,55179.0,56187.0,57814.0,54659.0,0.84K,-1.79%
2024-08-08,61801.0,55179.0,62752.0,54847.0,1.51K,12.00%
2024-08-09,60970.0,61801.0,61801.0,59630.0,0.37K,-1.34%
2024-08-12,59440.0,58817.0,60718.0,57750.0,0.75K,1.06%
2024-08-13,60666.0,59440.0,61612.0,58545.0,0.77K,2.06%
2024-08-14,58777.0,60666.0,61740.0,58558.0,0.84K,-3.11%
2024-08-15,57594.0,58777.0,59909.0,56231.0,0.81K,-2.01%
2024-08-16,58996.0,57594.0,59905.0,57187.0,0.45K,2.43%
2024-08-19,59609.0,58543.0,59699.0,57955.0,0.30K,1.82%
2024-08-20,59172.0,59609.0,61472.0,58763.0,1.10K,-0.73%
2024-08-21,61252.0,59172.0,61898.0,58958.0,0.98K,3.52%
2024-08-22,60483.0,61252.0,61460.0,59863.0,0.35K,-1.26%
2024-08-23,64151.0,60483.0,64953.0,60470.0,0.75K,6.06%
2024-08-26,62974.0,64361.0,64578.0,62934.0,0.39K,-2.16%
2024-08-27,59570.0,62974.0,63306.0,58200.0,1.16K,-5.41%
2024-08-28,59145.0,59570.0,60325.0,58085.0,0.78K,-0.71%
2024-08-29,59542.0,59145.0,61290.0,58902.0,1.00K,0.67%
2024-08-30,59300.0,59542.0,59999.0,58000.0,1.90K,-0.41%
2024-09-02,59308.0,57454.0,59585.0,57320.0,0.89K,3.23%
2024-09-03,57680.0,59308.0,59976.0,57610.0,0.97K,-2.74%
2024-09-04,58116.0,57680.0,58630.0,56069.0,2.15K,0.76%
2024-09-05,56318.0,58116.0,58451.0,55868.0,2.08K,-3.09%
2024-09-06,54133.0,56318.0,57102.0,52756.0,2.37K,-3.88%
2024-09-09,57110.0,55016.0,58062.0,54752.0,1.94K,3.81%
2024-09-10,57758.0,57110.0,58135.0,56489.0,0.27K,1.13%
2024-09-11,57451.0,57758.0,58104.0,55743.0,1.19K,-0.53%
2024-09-12,58287.0,57451.0,58643.0,57449.0,0.80K,1.46%
2024-09-13,60645.0,58287.0,60730.0,57762.0,1.16K,4.05%
2024-09-16,58342.0,59296.0,59336.0,57653.0,0.62K,-1.61%
2024-09-17,60435.0,58342.0,61337.0,57773.0,1.10K,3.59%
2024-09-18,61841.0,60435.0,61869.0,59293.0,1.00K,2.33%
2024-09-19,63032.0,61841.0,63948.0,61714.0,0.80K,1.93%
2024-09-20,63205.0,63032.0,64200.0,62435.0,0.49K,0.27%
2024-09-23,63456.0,63663.0,64830.0,62701.0,0.72K,-0.33%
2024-09-24,64381.0,63456.0,64775.0,62850.0,0.53K,1.46%
2024-09-25,63264.0,64381.0,64888.0,63082.0,0.40K,-1.73%
2024-09-26,65307.0,63264.0,65856.0,62805.0,0.86K,3.23%
2024-09-27,65928.0,65307.0,66548.0,64987.0,0.67K,0.95%
2024-09-30,63468.0,65762.0,65762.0,63006.0,1.04K,-3.49%
2024-10-01,60981.0,63468.0,64217.0,60329.0,0.89K,-3.92%
2024-10-02,60785.0,60981.0,62455.0,60139.0,0.74K,-0.32%
2024-10-03,60892.0,60785.0,61600.0,60009.0,0.38K,0.18%
2024-10-04,62191.0,60892.0,62575.0,60602.0,0.43K,2.13%
2024-10-07,62269.0,62894.0,64514.0,62202.0,0.61K,-0.99%
2024-10-08,62231.0,62269.0,63248.0,61941.0,0.43K,-0.06%
2024-10-09,60650.0,62231.0,62586.0,60371.0,0.46K,-2.54%
2024-10-10,60337.0,60650.0,61364.0,58944.0,0.66K,-0.52%
2024-10-11,62581.0,60337.0,63455.0,60104.0,0.42K,3.72%
2024-10-14,66179.0,62986.0,66555.0,62601.0,0.81K,5.07%
2024-10-15,67123.0,66179.0,67806.0,64857.0,1.40K,1.43%
2024-10-16,67657.0,67123.0,68367.0,66861.0,1.16K,0.80%
2024-10-17,67453.0,67657.0,67962.0,66724.0,0.38K,-0.30%
2024-10-18,68368.0,67453.0,68886.0,67240.0,0.90K,1.36%
2024-10-21,67425.0,69045.0,69554.0,66942.0,0.58K,-2.35%
2024-10-22,67405.0,67425.0,67824.0,66648.0,0.40K,-0.03%
2024-10-23,66695.0,67405.0,67436.0,65265.0,0.45K,-1.05%
2024-10-24,68188.0,66695.0,68846.0,66527.0,0.45K,2.24%
2024-10-25,66734.0,68188.0,68750.0,65629.0,0.52K,-2.13%
2024-10-28,69989.0,68035.0,70287.0,67660.0,0.73K,2.87%
2024-10-29,72688.0,69989.0,73525.0,69812.0,2.65K,3.86%
2024-10-30,72455.0,72688.0,73014.0,71510.0,0.44K,-0.32%
2024-10-31,70299.0,72455.0,72664.0,69674.0,0.40K,-2.98%
2024-11-01,69590.0,70299.0,71637.0,68889.0,0.92K,-1.01%
2024-11-04,67858.0,68807.0,69505.0,66881.0,0.63K,-1.38%
2024-11-05,69450.0,67858.0,70598.0,67541.0,0.78K,2.35%
2024-11-06,75580.0,69450.0,76179.0,69401.0,4.90K,8.83%
2024-11-07,75864.0,75580.0,76655.0,74397.0,1.43K,0.38%
2024-11-08,76496.0,75864.0,77049.0,75611.0,0.80K,0.83%
2024-11-11,88566.0,80367.0,89528.0,80244.0,3.62K,10.20%
2024-11-12,88007.0,88566.0,89933.0,85128.0,2.92K,-0.63%
2024-11-13,90453.0,88007.0,93286.0,86152.0,2.72K,2.78%
2024-11-14,87305.0,90453.0,91776.0,86693.0,1.59K,-3.48%
2024-11-15,91015.0,87305.0,91854.0,87120.0,1.20K,4.25%
2024-11-18,90535.0,89843.0,92533.0,89500.0,1.64K,0.77%
2024-11-19,92172.0,90535.0,93751.0,90430.0,2.04K,1.81%
2024-11-20,94243.0,92172.0,94652.0,91404.0,1.49K,2.25%
2024-11-21,98348.0,94243.0,98700.0,93996.0,2.83K,4.36%
2024-11-22,98683.0,98348.0,99327.0,97010.0,2.40K,0.34%
2024-11-25,93133.0,97828.0,98690.0,92866.0,1.68K,-4.80%
2024-11-26,92082.0,93133.0,95083.0,90911.0,1.06K,-1.13%
2024-11-27,95953.0,92082.0,97251.0,91904.0,0.89K,4.20%
2024-11-28,95761.0,95953.0,96628.0,94750.0,0.33K,-0.20%
2024-11-29,97564.0,95761.0,98682.0,95511.0,0.68K,1.88%
2024-12-02,95925.0,97365.0,98240.0,94713.0,1.14K,-1.48%
2024-12-03,96065.0,95925.0,96402.0,93792.0,1.52K,0.15%
2024-12-04,98709.0,96083.0,99166.0,94737.0,0.89K,2.75%
2024-12-05,96833.0,98709.0,103990.0,91398.0,5.28K,-1.90%
2024-12-06,99786.0,96833.0,101900.0,96283.0,1.46K,3.05%
2024-12-09,97500.0,101240.0,101280.0,94255.0,1.58K,-3.69%
2024-12-10,96650.0,97500.0,98357.0,94400.0,0.78K,-0.87%
2024-12-11,101100.0,96650.0,101800.0,95771.0,1.02K,4.60%
2024-12-12,100010.0,101100.0,102350.0,99280.0,0.78K,-1.08%
2024-12-13,101370.0,100010.0,101840.0,99228.0,0.56K,1.36%
2024-12-16,105870.0,104340.0,107580.0,103230.0,1.88K,1.47%
2024-12-17,105990.0,105870.0,108080.0,105160.0,1.39K,0.11%
2024-12-18,100230.0,106000.0,106350.0,100110.0,1.27K,-5.43%
2024-12-19,97515.0,100230.0,102800.0,95702.0,1.55K,-2.71%
2024-12-20,97857.0,97515.0,98180.0,92454.0,3.64K,0.35%
2024-12-23,94918.0,95201.0,96529.0,92666.0,1.79K,-0.30%
2024-12-24,98750.0,94918.0,99554.0,93571.0,0.59K,4.04%
2024-12-25,99420.0,98750.0,99566.0,97732.0,0.48K,0.68%
2024-12-26,95883.0,99420.0,99900.0,95309.0,0.75K,-3.56%
2024-12-27,94419.0,95883.0,97534.0,93630.0,0.53K,-1.53%
2024-12-30,92982.0,93944.0,95130.0,91696.0,1.82K,-1.02%
2024-12-31,93780.0,92982.0,96400.0,92175.0,1.12K,0.86%
2025-01-01,94757.0,93780.0,95282.0,93131.0,0.55K,1.04%
2025-01-02,97034.0,94757.0,97887.0,94521.0,0.58K,2.40%
2025-01-03,98179.0,97034.0,99020.0,96191.0,0.47K,1.18%
2025-01-06,102290.0,98400.0,102550.0,98004.0,0.83K,3.95%
2025-01-07,97006.0,102290.0,102760.0,96218.0,1.09K,-5.17%
2025-01-08,95198.0,97006.0,97339.0,92863.0,1.60K,-1.86%
2025-01-09,92692.0,95198.0,95476.0,91431.0,1.31K,-2.63%
2025-01-10,94835.0,92692.0,95930.0,92374.0,0.44K,2.31%
2025-01-13,94682.0,94574.0,95967.0,89939.0,1.85K,0.11%
2025-01-14,96701.0,94682.0,97451.0,94492.0,0.49K,2.13%
2025-01-15,100490.0,96701.0,100660.0,96664.0,0.73K,3.92%
2025-01-16,100040.0,100490.0,100790.0,97381.0,0.67K,-0.45%
2025-01-17,104040.0,100040.0,105800.0,100000.0,1.26K,4.00%
2025-01-20,102170.0,101360.0,109410.0,99634.0,2.92K,0.80%
2025-01-21,106150.0,102170.0,107360.0,100140.0,1.12K,3.90%
2025-01-22,103680.0,106150.0,106290.0,103400.0,0.51K,-2.33%
2025-01-23,103930.0,103680.0,106780.0,101260.0,1.70K,0.24%
2025-01-24,104800.0,103930.0,107030.0,102720.0,0.52K,0.84%
2025-01-27,102300.0,102670.0,103300.0,97823.0,1.23K,-0.36%
2025-01-28,101460.0,102300.0,103800.0,100380.0,0.42K,-0.82%
2025-01-29,103780.0,101460.0,104790.0,101430.0,0.32K,2.29%
2025-01-30,104740.0,103780.0,106520.0,103450.0,0.34K,0.93%
2025-01-31,102470.0,104740.0,106010.0,101680.0,0.40K,-2.17%
2025-02-03,101270.0,97600.0,102390.0,91672.0,3.86K,3.76%
2025-02-04,97798.0,101270.0,101640.0,96127.0,0.91K,-3.43%
2025-02-05,96614.0,97798.0,99150.0,96172.0,0.36K,-1.21%
2025-02-06,96678.0,96614.0,99221.0,95922.0,1.08K,0.07%
2025-02-07,96579.0,96678.0,100160.0,95680.0,0.66K,-0.10%
2025-02-10,97550.0,96615.0,98466.0,95395.0,0.53K,0.97%
2025-02-11,95950.0,97550.0,98612.0,95026.0,1.11K,-1.64%
2025-02-12,98007.0,95950.0,98200.0,94398.0,1.61K,2.14%
2025-02-13,96802.0,98007.0,98166.0,95422.0,0.74K,-1.23%
2025-02-14,97489.0,96802.0,98817.0,96431.0,0.63K,0.71%
2025-02-17,95955.0,96264.0,97163.0,95444.0,0.65K,-0.32%
2025-02-18,95828.0,95955.0,96832.0,93633.0,1.75K,-0.13%
2025-02-19,96801.0,95828.0,97056.0,95258.0,0.73K,1.02%
2025-02-20,98433.0,96801.0,98862.0,96615.0,0.20K,1.69%
2025-02-21,96345.0,98433.0,99572.0,95026.0,0.69K,-2.12%
2025-02-24,91901.0,96450.0,96659.0,91833.0,1.43K,-4.72%
2025-02-25,88923.0,91999.0,92833.0,86284.0,5.08K,-3.24%
2025-02-26,84470.0,88912.0,89600.0,82952.0,4.18K,-5.01%
2025-02-27,85021.0,84470.0,87299.0,83000.0,2.19K,0.65%
2025-02-28,84672.0,85007.0,85302.0,78651.0,4.08K,-0.41%
2025-03-03,86475.0,94488.0,94620.0,85428.0,1.72K,-8.48%
2025-03-04,87472.0,86478.0,89168.0,81740.0,2.30K,1.15%
2025-03-05,90848.0,87470.0,91190.0,86632.0,0.97K,3.86%
2025-03-06,90120.0,90848.0,92997.0,88071.0,0.58K,-0.80%
2025-03-07,87014.0,90120.0,91379.0,85141.0,1.43K,-3.45%
2025-03-10,78734.0,80893.0,84045.0,77793.0,2.39K,-2.67%
2025-03-11,83142.0,78807.0,83808.0,77041.0,1.82K,5.60%
2025-03-12,83856.0,83163.0,84600.0,80881.0,1.11K,0.86%
2025-03-13,81289.0,83856.0,84490.0,80101.0,0.44K,-3.06%
2025-03-14,84207.0,81289.0,85473.0,81024.0,1.16K,3.59%
2025-03-17,84240.0,82759.0,84905.0,82746.0,0.59K,1.79%
2025-03-18,82942.0,84240.0,84240.0,81366.0,1.24K,-1.54%
2025-03-19,87029.0,82933.0,87182.0,82774.0,0.67K,4.93%
2025-03-20,84296.0,87048.0,87621.0,83783.0,0.41K,-3.14%
2025-03-21,84144.0,84296.0,84932.0,83311.0,0.31K,-0.18%
2025-03-24,87614.0,86267.0,88860.0,85714.0,0.34K,1.58%
2025-03-25,87641.0,87603.0,88651.0,86453.0,0.55K,0.03%
2025-03-26,87089.0,87611.0,88400.0,86057.0,0.80K,-0.63%
2025-03-27,87317.0,87094.0,87934.0,85919.0,0.20K,0.26%
2025-03-28,84573.0,87317.0,87578.0,83773.0,1.23K,-3.14%
2025-03-31,82673.0,82552.0,83989.0,81442.0,0.77K,0.15%
2025-04-01,85197.0,82673.0,85535.0,82571.0,0.47K,3.05%
2025-04-02,82493.0,85197.0,88461.0,82335.0,0.64K,-3.17%
2025-04-03,83191.0,82517.0,83890.0,81316.0,0.70K,0.85%
2025-04-04,83841.0,83191.0,84695.0,81634.0,0.75K,0.78%
2025-04-07,79181.0,78441.0,81100.0,74508.0,2.30K,0.94%
2025-04-08,76332.0,79161.0,80901.0,76260.0,0.76K,-3.60%
2025-04-09,82542.0,76332.0,83582.0,74636.0,1.88K,8.14%
2025-04-10,79553.0,82542.0,82699.0,78499.0,0.81K,-3.62%
2025-04-11,83372.0,79519.0,84232.0,78915.0,0.43K,4.80%
2025-04-14,84544.0,83676.0,85727.0,83676.0,0.18K,1.03%
2025-04-15,83667.0,84544.0,86446.0,83604.0,0.22K,-1.04%
2025-04-16,84021.0,83667.0,85451.0,83112.0,0.34K,0.42%
2025-04-17,84827.0,84021.0,85378.0,83678.0,0.65K,0.96%
2025-04-18,84363.0,84827.0,85009.0,84233.0,0.53K,-0.55%
2025-04-21,87473.0,85019.0,88345.0,84940.0,0.92K,2.89%
2025-04-22,93303.0,87473.0,93821.0,87061.0,1.04K,6.66%
2025-04-23,93639.0,93303.0,94415.0,91919.0,1.30K,0.36%
2025-04-24,93940.0,93639.0,94000.0,91760.0,0.34K,0.32%
2025-04-25,94702.0,93940.0,95800.0,92921.0,0.71K,0.81%
2025-04-28,95046.0,93784.0,95550.0,93033.0,1.34K,1.35%
2025-04-29,94451.0,95046.0,95531.0,94012.0,0.50K,-0.63%
2025-04-30,94309.0,94451.0,95285.0,93439.0,1.14K,-0.15%
2025-05-01,96467.0,94309.0,97474.0,94294.0,0.53K,2.29%
2025-05-02,96887.0,96467.0,97915.0,96381.0,0.36K,0.44%
2025-05-05,94990.0,94704.0,95407.0,93988.0,2.41K,0.30%
2025-05-06,96933.0,94990.0,96999.0,93664.0,0.61K,2.05%
2025-05-07,97119.0,96933.0,97840.0,95944.0,0.46K,0.19%
2025-05-08,103250.0,97121.0,103850.0,96980.0,1.29K,6.31%
2025-05-09,102940.0,103290.0,104330.0,102360.0,0.79K,-0.30%
2025-05-12,102860.0,104090.0,105660.0,100870.0,0.76K,-1.18%
2025-05-13,104160.0,102860.0,104980.0,101500.0,0.37K,1.26%
2025-05-14,103550.0,104160.0,104300.0,102590.0,0.21K,-0.59%
2025-05-15,103700.0,103550.0,104160.0,101440.0,0.35K,0.14%
2025-05-16,103450.0,103700.0,104510.0,103110.0,0.19K,-0.24%
2025-05-19,105500.0,106510.0,107020.0,102080.0,0.66K,-0.95%
2025-05-20,106710.0,105500.0,107220.0,104140.0,0.72K,1.15%
2025-05-21,109630.0,106730.0,110660.0,106020.0,0.89K,2.74%
2025-05-22,111640.0,109640.0,111880.0,109230.0,0.79K,1.83%
2025-05-23,107210.0,111640.0,111690.0,106720.0,0.92K,-3.97%
2025-05-26,109390.0,108890.0,110400.0,108550.0,0.80K,0.46%
2025-05-27,108850.0,109390.0,110700.0,107610.0,0.72K,-0.49%
2025-05-28,107760.0,108850.0,109200.0,106750.0,0.73K,-1.00%
2025-05-29,105580.0,107760.0,108870.0,105350.0,0.96K,-2.02%
2025-05-30,104030.0,105590.0,106260.0,103470.0,0.47K,-1.47%
2025-06-02,105880.0,105630.0,105990.0,103720.0,0.34K,0.25%
2025-06-03,105400.0,105880.0,106760.0,104880.0,0.32K,-0.45%
2025-06-04,104580.0,105400.0,105920.0,104250.0,0.22K,-0.78%
2025-06-05,101670.0,104580.0,105860.0,100530.0,1.93K,-2.78%
2025-06-06,104450.0,101680.0,105400.0,101270.0,0.57K,2.73%
2025-06-09,110300.0,105830.0,110680.0,105440.0,0.35K,4.22%
2025-06-10,110180.0,110300.0,110320.0,108320.0,0.31K,-0.11%
2025-06-11,108610.0,110180.0,110270.0,108010.0,0.39K,-1.42%
2025-06-12,105780.0,108610.0,108740.0,105740.0,0.31K,-2.61%
2025-06-13,106090.0,105720.0,106180.0,102730.0,0.65K,0.29%
2025-06-16,106800.0,105740.0,108960.0,105190.0,0.29K,1.00%
2025-06-17,104770.0,106800.0,107780.0,103460.0,0.77K,-1.90%
2025-06-18,105040.0,104740.0,105660.0,103640.0,1.06K,0.26%
2025-06-19,104780.0,105040.0,105340.0,104080.0,0.48K,-0.25%
2025-06-20,103380.0,104780.0,106580.0,102500.0,0.73K,-1.34%
2025-06-23,105520.0,101200.0,106200.0,99897.0,1.03K,4.27%
2025-06-24,106040.0,105530.0,106340.0,104810.0,0.20K,0.49%
2025-06-25,107340.0,106100.0,108120.0,105930.0,0.16K,1.23%
2025-06-26,106950.0,107340.0,108250.0,106520.0,0.13K,-0.36%
2025-06-27,107100.0,106950.0,107750.0,106470.0,0.15K,0.14%
2025-06-30,107250.0,108370.0,108790.0,106950.0,0.61K,-1.03%
2025-07-01,105920.0,107250.0,107620.0,105460.0,1.32K,-1.24%
2025-07-02,108980.0,105920.0,109900.0,105350.0,0.33K,2.89%
2025-07-03,109760.0,108990.0,110700.0,108720.0,0.16K,0.72%
2025-07-04,108200.0,109760.0,109910.0,107470.0,0.19K,-1.42%
2025-07-07,108420.0,109380.0,109820.0,107700.0,0.16K,-0.88%
2025-07-08,109060.0,108420.0,109340.0,107640.0,0.20K,0.59%
2025-07-09,111380.0,109060.0,111990.0,108480.0,0.40K,2.13%
2025-07-10,115950.0,111380.0,117210.0,110730.0,1.64K,4.10%
2025-07-11,117410.0,115960.0,118760.0,115230.0,0.40K,1.26%
2025-07-14,119840.0,118940.0,123010.0,118790.0,0.46K,0.76%
2025-07-15,117830.0,119840.0,119920.0,115860.0,0.65K,-1.68%
2025-07-16,118710.0,117830.0,120080.0,117180.0,0.22K,0.75%
2025-07-17,119250.0,118680.0,121050.0,117500.0,0.40K,0.45%
2025-07-18,118000.0,119250.0,120920.0,116930.0,0.24K,-1.05%
2025-07-21,117460.0,117240.0,119630.0,116550.0,0.26K,0.19%
2025-07-22,119970.0,117460.0,120250.0,116160.0,0.33K,2.14%
2025-07-23,118900.0,119970.0,120110.0,117470.0,0.47K,-0.89%
2025-07-24,118380.0,118900.0,119590.0,117260.0,0.22K,-0.44%
2025-07-25,117700.0,118380.0,118520.0,114820.0,0.37K,-0.57%
2025-07-28,118180.0,119590.0,119900.0,117630.0,0.29K,-1.18%
2025-07-29,118110.0,118200.0,119410.0,117130.0,0.40K,-0.06%
2025-07-30,118050.0,118110.0,118930.0,116050.0,0.45K,-0.05%
2025-07-31,115970.0,118050.0,119100.0,115730.0,0.46K,-1.76%
2025-08-01,113500.0,115970.0,116270.0,112840.0,0.88K,-2.13%
2025-08-04,115200.0,114370.0,115800.0,114270.0,0.38K,0.72%
2025-08-05,114200.0,115200.0,115200.0,112740.0,0.48K,-0.87%
2025-08-06,115160.0,114200.0,115870.0,113470.0,0.50K,0.84%
2025-08-07,117580.0,115220.0,117780.0,114470.0,0.32K,2.10%
2025-08-08,116790.0,117580.0,117890.0,116040.0,0.76K,-0.67%
2025-08-11,118850.0,119370.0,122370.0,118380.0,0.34K,-0.44%
2025-08-12,120110.0,118850.0,120280.0,118290.0,0.22K,1.06%
2025-08-13,122880.0,120080.0,123380.0,118890.0,0.61K,2.31%
2025-08-14,118410.0,122880.0,123640.0,117200.0,0.40K,-3.64%
2025-08-15,117520.0,118410.0,119360.0,116990.0,0.27K,-0.75%
2025-08-18,116390.0,117540.0,117640.0,114890.0,0.72K,-0.98%
2025-08-19,113030.0,116390.0,116920.0,113000.0,1.60K,-2.89%
2025-08-20,114500.0,113030.0,114880.0,112650.0,0.73K,1.30%
2025-08-21,112740.0,114500.0,115000.0,112310.0,0.79K,-1.54%
2025-08-22,117000.0,112740.0,117560.0,111990.0,0.80K,3.78%
2025-08-25,110370.0,113700.0,113880.0,109550.0,0.92K,-2.93%
2025-08-26,112000.0,110360.0,112570.0,108960.0,0.54K,1.48%
2025-08-27,111470.0,112000.0,112830.0,110600.0,0.40K,-0.47%
2025-08-28,112740.0,111470.0,113630.0,111130.0,0.25K,1.14%
2025-08-29,108530.0,112740.0,112780.0,107660.0,0.63K,-3.73%
2025-09-01,109410.0,108420.0,110010.0,107380.0,0.47K,0.95%
2025-09-02,111350.0,109410.0,111930.0,108630.0,0.43K,1.77%
2025-09-03,111890.0,111360.0,112710.0,110750.0,0.11K,0.48%
2025-09-04,110880.0,111890.0,112330.0,109520.0,0.21K,-0.90%
2025-09-05,110600.0,110880.0,113520.0,110410.0,0.28K,-0.25%
2025-09-08,112050.0,111220.0,112830.0,110740.0,0.17K,0.75%
2025-09-09,111540.0,112050.0,113190.0,110750.0,0.16K,-0.46%
2025-09-10,113900.0,111540.0,114290.0,111170.0,0.44K,2.12%
2025-09-11,115400.0,113900.0,115400.0,113420.0,0.20K,1.32%
2025-09-12,116030.0,115400.0,116610.0,114690.0,0.15K,0.55%
2025-09-15,115580.0,115590.0,116960.0,114630.0,0.53K,-0.01%
2025-09-16,116840.0,115580.0,117080.0,114910.0,0.26K,1.09%
2025-09-17,116500.0,116840.0,117360.0,114880.0,0.17K,-0.29%
2025-09-18,117090.0,116500.0,117950.0,116210.0,0.18K,0.51%
2025-09-19,115830.0,117090.0,117470.0,115370.0,0.61K,-1.08%
2025-09-22,112810.0,115460.0,115550.0,112100.0,1.20K,-2.30%
2025-09-23,112250.0,112810.0,113490.0,111710.0,0.58K,-0.50%
2025-09-24,113520.0,112250.0,114130.0,111450.0,0.34K,1.13%
2025-09-25,109180.0,113520.0,113710.0,108880.0,1.07K,-3.82%
2025-09-26,109930.0,109180.0,110520.0,108940.0,1.31K,0.69%
2025-09-29,114580.0,112370.0,114640.0,111850.0,0.45K,1.97%
2025-09-30,114020.0,114580.0,114990.0,112900.0,0.50K,-0.49%
2025-10-01,118670.0,114020.0,118810.0,113950.0,0.84K,4.08%
2025-10-02,120570.0,118630.0,121080.0,118400.0,0.58K,1.60%
2025-10-03,122160.0,120570.0,123890.0,119340.0,0.73K,1.32%
2025-10-06,124720.0,123480.0,126110.0,123170.0,0.88K,1.00%
2025-10-07,121480.0,124730.0,125070.0,120680.0,0.65K,-2.60%
2025-10-08,123410.0,121480.0,124220.0,121270.0,0.43K,1.59%
2025-10-09,121760.0,123410.0,123750.0,119810.0,0.56K,-1.34%
2025-10-10,113170.0,121760.0,122660.0,104920.0,2.48K,-7.05%
2025-10-13,115390.0,115230.0,116120.0,113960.0,1.11K,0.14%
2025-10-14,113270.0,115390.0,115630.0,110170.0,2.42K,-1.84%
2025-10-15,110920.0,113270.0,113820.0,110410.0,1.01K,-2.07%
2025-10-16,108400.0,110920.0,112140.0,107710.0,1.67K,-2.27%
2025-10-17,106700.0,108410.0,109480.0,103790.0,1.75K,-1.57%
2025-10-20,110760.0,108840.0,111850.0,107690.0,0.87K,1.76%
2025-10-21,108610.0,110760.0,114150.0,107700.0,1.38K,-1.94%
2025-10-22,107720.0,108520.0,109070.0,106790.0,1.35K,-0.82%
2025-10-23,110150.0,107720.0,111270.0,107570.0,0.76K,2.26%
2025-10-24,111110.0,110150.0,111970.0,109780.0,0.73K,0.87%
2025-10-27,114150.0,114500.0,116230.0,113800.0,0.37K,-0.27%
2025-10-28,113000.0,114150.0,116000.0,112310.0,0.55K,-1.01%
2025-10-29,110250.0,112980.0,113770.0,109710.0,1.06K,-2.43%
2025-10-30,108500.0,110240.0,111720.0,106510.0,2.02K,-1.59%
2025-10-31,109820.0,108500.0,111270.0,108490.0,1.03K,1.22%
2025-11-03,106770.0,110710.0,110850.0,105500.0,1.89K,-3.57%
2025-11-04,101630.0,106790.0,107460.0,99092.0,2.30K,-4.81%
2025-11-05,103940.0,101560.0,104580.0,99129.0,0.82K,2.27%
2025-11-06,101400.0,103940.0,104300.0,100460.0,1.00K,-2.44%
2025-11-07,103390.0,101400.0,104100.0,99459.0,1.50K,1.96%
2025-11-10,106010.0,104780.0,106610.0,104360.0,0.60K,1.17%
2025-11-11,103190.0,106010.0,107500.0,102660.0,0.98K,-2.66%
2025-11-12,101750.0,103190.0,105340.0,100880.0,1.19K,-1.40%
2025-11-13,99855.0,101750.0,104000.0,98138.0,1.66K,-1.86%
2025-11-14,94750.0,99839.0,99920.0,94469.0,4.80K,-5.11%
2025-11-17,92553.0,94601.0,96157.0,91762.0,3.38K,-2.16%
2025-11-18,93200.0,92553.0,93989.0,89635.0,3.19K,0.70%
2025-11-19,91648.0,93186.0,93193.0,88888.0,2.96K,-1.67%
2025-11-20,86773.0,91648.0,93125.0,86260.0,2.06K,-5.32%
2025-11-21,85355.0,86803.0,87647.0,80843.0,2.98K,-1.63%
2025-11-24,88471.0,87008.0,89348.0,85500.0,1.40K,1.66%
2025-11-25,87519.0,88471.0,88602.0,86300.0,0.89K,-1.08%
2025-11-26,90585.0,87514.0,90684.0,86500.0,0.97K,3.50%
2025-11-27,91385.0,90585.0,91990.0,90188.0,0.37K,0.88%
2025-11-28,91030.0,91385.0,93000.0,90326.0,0.61K,-0.39%
2025-12-01,86473.0,90413.0,90452.0,84007.0,1.94K,-4.36%
2025-12-02,91381.0,86473.0,92331.0,86333.0,0.99K,5.68%
2025-12-03,93457.0,91380.0,94080.0,91075.0,0.96K,2.27%
2025-12-04,92135.0,93457.0,94100.0,91000.0,0.51K,-1.41%
2025-12-05,89390.0,92135.0,92738.0,88197.0,0.45K,-2.98%
2025-12-08,90668.0,90500.0,92267.0,89701.0,0.51K,0.19%
2025-12-09,92760.0,90668.0,94638.0,89626.0,0.99K,2.31%
2025-12-10,92023.0,92760.0,94458.0,91632.0,0.60K,-0.79%
2025-12-11,92514.0,92023.0,93519.0,89301.0,0.74K,0.53%
2025-12-12,90302.0,92514.0,92750.0,89591.0,0.32K,-2.39%
2025-12-15,86535.0,88181.0,90010.0,85304.0,0.86K,-1.87%
2025-12-16,87950.0,86535.0,88262.0,85407.0,0.45K,1.64%
2025-12-17,86409.0,87950.0,90427.0,85438.0,1.97K,-1.75%
2025-12-18,85670.0,86409.0,89443.0,84604.0,2.22K,-0.86%
2025-12-19,88241.0,85665.0,89458.0,85275.0,1.64K,3.00%
2025-12-22,88607.0,88715.0,90485.0,87982.0,1.46K,-0.12%
2025-12-23,87514.0,88622.0,88982.0,86720.0,1.29K,-1.23%
2025-12-24,87692.0,87493.0,88060.0,86495.0,1.00K,0.20%
2025-12-25,87279.0,87692.0,88575.0,87000.0,0.42K,-0.47%
2025-12-26,87465.0,87285.0,89556.0,86704.0,1.39K,0.21%
2025-12-29,87241.0,87987.0,90387.0,86865.0,1.43K,-0.84%
2025-12-30,88556.0,87240.0,89430.0,86830.0,1.28K,1.51%
2025-12-31,87711.0,88556.0,89207.0,87330.0,0.72K,-0.95%
